sim,funct,cause,age,alpha,beta,delta,zcf,aic,bic
1,power2,IHD,AllAge,1.411652109,0.06264745,0.412676305,6.463048932,-4725.979267,-4719.873825
2,power2,IHD,AllAge,1.21781579,0.028152064,0.786666817,6.533716303,-4724.192906,-4718.087464
3,power2,IHD,AllAge,1.203070926,0.058443932,0.522357557,7.087288599,-4683.234506,-4677.129064
4,power2,IHD,AllAge,1.764660183,0.055491441,0.329193273,7.173052776,-4725.119618,-4719.014176
5,power2,IHD,AllAge,3.074355171,0.042960873,0.270018747,6.835337239,-4704.981671,-4698.876229
6,power2,IHD,AllAge,1.234625313,0.023145027,0.914519327,7.657003382,-4740.953926,-4734.848484
7,power2,IHD,AllAge,2.036885568,0.051595977,0.306993256,7.515504932,-4742.489702,-4736.38426
8,power2,IHD,AllAge,1.467182374,0.065657189,0.347626124,6.115942993,-4713.644845,-4707.539403
9,power2,IHD,AllAge,2.528226438,0.043263159,0.279026012,6.519612314,-4732.966978,-4726.861536
10,power2,IHD,AllAge,1.833489171,0.058987022,0.309333498,7.701327611,-4746.652544,-4740.547102
11,power2,IHD,AllAge,13.03689435,0.01232503,0.20999627,5.997648246,-4770.56087,-4764.455428
12,power2,IHD,AllAge,2.372523838,0.043283725,0.294474715,7.085226755,-4775.254564,-4769.149122
13,power2,IHD,AllAge,1.336288181,0.044932438,0.427252448,7.741262112,-4770.94404,-4764.838597
14,power2,IHD,AllAge,1.213114355,0.035166263,0.746194609,7.440799105,-4752.631836,-4746.526394
15,power2,IHD,AllAge,1.144377145,0.021630055,0.918888631,7.217132083,-4771.866863,-4765.761421
16,power2,IHD,AllAge,1.153147895,0.023987974,0.911696265,7.848937797,-4768.198471,-4762.093029
17,power2,IHD,AllAge,1.155784202,0.025176836,0.73123418,8.744483893,-4764.458991,-4758.353549
18,power2,IHD,AllAge,1.135536709,0.048208311,0.466543763,8.4481733,-4764.072682,-4757.96724
19,power2,IHD,AllAge,1.090770359,0.017496626,1.036815278,6.840144169,-4745.023718,-4738.918276
20,power2,IHD,AllAge,2.187611579,0.033188873,0.334289683,8.479336563,-4752.793571,-4746.688129
21,power2,IHD,AllAge,1.542781099,0.057867891,0.35604879,7.18130408,-4725.148645,-4719.043203
22,power2,IHD,AllAge,2.156461375,0.043793737,0.314907428,7.684212543,-4756.623859,-4750.518417
23,power2,IHD,AllAge,1.210747606,0.030690065,0.801829148,7.554941054,-4804.971149,-4798.865707
24,power2,IHD,AllAge,1.245252041,0.018440404,0.949272456,8.599684996,-4735.233599,-4729.128157
25,power2,IHD,AllAge,1.906287708,0.044727024,0.331730675,8.707953368,-4822.902907,-4816.797465
26,power2,IHD,AllAge,1.432793168,0.073746215,0.353974627,6.340156719,-4785.386935,-4779.281492
27,power2,IHD,AllAge,1.265883129,0.052104556,0.422155043,6.862330196,-4733.705708,-4727.600266
28,power2,IHD,AllAge,1.163096774,0.006506222,1.459158037,7.626136566,-4732.31067,-4726.205228
29,power2,IHD,AllAge,1.209055626,0.054249151,0.432078115,7.5339242,-4738.823809,-4732.718367
30,power2,IHD,AllAge,2.201438449,0.034852294,0.323919406,6.380044592,-4757.580565,-4751.475123
31,power2,IHD,AllAge,1.687171879,0.048819473,0.336545433,8.624646147,-4758.509141,-4752.403699
32,power2,IHD,AllAge,1.235485359,0.032830163,0.859258399,6.617527449,-4758.705972,-4752.60053
33,power2,IHD,AllAge,1.530125652,0.058080076,0.340747317,6.770649981,-4733.553468,-4727.448026
34,power2,IHD,AllAge,3.336811914,0.027397087,0.294091803,8.552844794,-4766.246376,-4760.140934
35,power2,IHD,AllAge,1.367131476,0.07376556,0.347261767,7.407284005,-4764.223133,-4758.117691
36,power2,IHD,AllAge,1.272069104,0.036643358,0.473532452,8.793367985,-4772.626812,-4766.52137
37,power2,IHD,AllAge,2.296069043,0.060332115,0.268990976,6.572304971,-4730.600986,-4724.495544
38,power2,IHD,AllAge,2.981700071,0.033179977,0.303418836,8.315411657,-4769.369288,-4763.263846
39,power2,IHD,AllAge,1.886861036,0.036385593,0.370314515,7.580531734,-4745.541742,-4739.4363
40,power2,IHD,AllAge,1.563510804,0.049079668,0.390103674,7.128214373,-4758.248189,-4752.142747
41,power2,IHD,AllAge,1.683087232,0.037782769,0.376137418,7.146747182,-4756.747708,-4750.642266
42,power2,IHD,AllAge,1.797355288,0.052779128,0.323744636,7.688269659,-4759.705176,-4753.599734
43,power2,IHD,AllAge,1.551767324,0.041533665,0.390958129,8.650624815,-4748.907627,-4742.802185
44,power2,IHD,AllAge,1.192857489,0.035298886,0.739077205,6.540963859,-4765.488864,-4759.383422
45,power2,IHD,AllAge,1.614623501,0.0504852,0.353428083,8.371249293,-4813.436505,-4807.331063
46,power2,IHD,AllAge,1.162875743,0.028141715,0.860548766,6.173333534,-4702.942394,-4696.836952
47,power2,IHD,AllAge,1.523732919,0.03205757,0.425842521,8.310486403,-4793.520272,-4787.414829
48,power2,IHD,AllAge,3.276707476,0.034469548,0.273690252,7.075170034,-4767.116424,-4761.010982
49,power2,IHD,AllAge,5.54715768,0.024401069,0.24675147,6.403262605,-4758.815726,-4752.710284
50,power2,IHD,AllAge,1.255712279,0.033008259,0.743077352,8.399391956,-4726.214816,-4720.109374
51,power2,IHD,AllAge,1.118542565,0.041309805,0.730701898,6.59933017,-4775.877251,-4769.771809
52,power2,IHD,AllAge,2.120841727,0.056775008,0.299226016,6.884217507,-4728.952501,-4722.847059
53,power2,IHD,AllAge,1.313237385,0.037733724,0.489601045,8.596861258,-4795.368811,-4789.263369
54,power2,IHD,AllAge,1.291601759,0.045218516,0.42561915,7.411113259,-4745.509744,-4739.404302
55,power2,IHD,AllAge,1.323983828,0.050323198,0.422959509,8.773484118,-4770.64861,-4764.543168
56,power2,IHD,AllAge,2.099034924,0.043874321,0.313378039,7.492860576,-4789.080886,-4782.975444
57,power2,IHD,AllAge,1.215567788,0.031261167,0.728635805,8.782799992,-4732.805129,-4726.699687
58,power2,IHD,AllAge,2.815201034,0.038621068,0.279285829,7.577634404,-4787.630053,-4781.524611
59,power2,IHD,AllAge,1.453495492,0.032563874,0.42593694,7.850850239,-4771.980778,-4765.875336
60,power2,IHD,AllAge,2.306437685,0.040966699,0.300803247,8.350615937,-4702.557329,-4696.451887
61,power2,IHD,AllAge,1.587641318,0.048082538,0.345147318,8.148551319,-4769.606667,-4763.501225
62,power2,IHD,AllAge,1.218953994,0.033705694,0.785022485,8.237952305,-4735.295627,-4729.190185
63,power2,IHD,AllAge,1.382288652,0.057454693,0.397112753,7.161195104,-4748.322206,-4742.216764
64,power2,IHD,AllAge,1.84558183,0.061355421,0.291328479,7.43147307,-4770.498504,-4764.393062
65,power2,IHD,AllAge,1.549090734,0.036497847,0.415401608,7.67354758,-4734.941298,-4728.835856
66,power2,IHD,AllAge,1.181975291,0.026331631,0.886200541,7.543535933,-4737.350167,-4731.244725
67,power2,IHD,AllAge,1.257860334,0.034961857,0.732480836,8.21260609,-4768.552216,-4762.446774
68,power2,IHD,AllAge,1.400663976,0.056441935,0.369817956,7.659509259,-4758.038435,-4751.932993
69,power2,IHD,AllAge,3.289159931,0.030736052,0.289519065,6.897488722,-4716.192392,-4710.08695
70,power2,IHD,AllAge,1.270909658,0.077989014,0.374057477,6.482936581,-4725.909563,-4719.804121
71,power2,IHD,AllAge,1.534622611,0.067581402,0.358978204,6.678868774,-4763.854344,-4757.748902
72,power2,IHD,AllAge,1.72327716,0.035196085,0.377788401,8.079076965,-4776.175626,-4770.070184
73,power2,IHD,AllAge,1.208494514,0.046580364,0.591202991,5.996241066,-4701.703114,-4695.597672
74,power2,IHD,AllAge,1.19949324,0.018982229,0.96438927,6.612961035,-4770.077393,-4763.971951
75,power2,IHD,AllAge,1.987163665,0.082534257,0.264284367,6.476041934,-4783.200495,-4777.095053
76,power2,IHD,AllAge,1.357906758,0.071970574,0.358760181,6.518730045,-4678.483771,-4672.378329
77,power2,IHD,AllAge,1.629455201,0.060755584,0.333558057,6.982750707,-4746.734009,-4740.628567
78,power2,IHD,AllAge,1.190413345,0.049077323,0.64533209,8.056475875,-4725.506937,-4719.401495
79,power2,IHD,AllAge,1.201984387,0.022018164,1.006579252,7.848091398,-4756.839643,-4750.734201
80,power2,IHD,AllAge,1.580419908,0.026116259,0.429323079,8.588099615,-4735.108954,-4729.003512
81,power2,IHD,AllAge,1.986629171,0.06150692,0.291225668,6.266107157,-4768.665848,-4762.560405
82,power2,IHD,AllAge,2.271970417,0.05626987,0.286337187,6.225228024,-4756.8757,-4750.770258
83,power2,IHD,AllAge,1.110496628,0.010648054,1.288870217,8.228837791,-4785.055076,-4778.949634
84,power2,IHD,AllAge,1.390926122,0.077076781,0.358386672,7.13858187,-4741.832116,-4735.726674
85,power2,IHD,AllAge,1.391452306,0.049533864,0.427421326,8.511768554,-4722.641278,-4716.535835
86,power2,IHD,AllAge,1.678760256,0.074277557,0.305584074,6.418326792,-4759.169578,-4753.064136
87,power2,IHD,AllAge,1.295105676,0.02763448,0.816991855,7.150517091,-4736.087235,-4729.981793
88,power2,IHD,AllAge,1.139928994,0.019265504,1.094370264,7.420017961,-4719.317339,-4713.211897
89,power2,IHD,AllAge,1.651249626,0.045087753,0.354819002,8.645255198,-4754.948949,-4748.843507
90,power2,IHD,AllAge,1.406122723,0.04781522,0.408326297,8.690871556,-4780.598163,-4774.492721
91,power2,IHD,AllAge,1.257363235,0.01635397,0.933137264,7.378895202,-4730.134561,-4724.029119
92,power2,IHD,AllAge,2.362298318,0.051035065,0.271076535,7.171788786,-4760.053805,-4753.948363
93,power2,IHD,AllAge,1.17053654,0.050674794,0.514624034,7.572899706,-4765.463341,-4759.357899
94,power2,IHD,AllAge,1.384610567,0.058767199,0.386807724,8.287764359,-4759.044971,-4752.939528
95,power2,IHD,AllAge,1.352744604,0.039345518,0.453879113,7.183170344,-4771.299587,-4765.194145
96,power2,IHD,AllAge,1.304340734,0.06725762,0.381315935,7.425643112,-4778.632755,-4772.527313
97,power2,IHD,AllAge,1.657449201,0.046693915,0.348655035,7.90900053,-4770.599769,-4764.494327
98,power2,IHD,AllAge,1.286943982,0.05384602,0.407370291,8.181034646,-4787.35028,-4781.244838
99,power2,IHD,AllAge,1.334011661,0.05486141,0.420616502,7.48098024,-4745.224557,-4739.119115
100,power2,IHD,AllAge,1.360313947,0.077921068,0.344003501,6.596442582,-4742.549149,-4736.443707
101,power2,IHD,AllAge,1.320290282,0.080291491,0.405600294,7.352874354,-4787.947008,-4781.841566
102,power2,IHD,AllAge,1.471007391,0.0551807,0.380983821,8.597128813,-4753.323776,-4747.218334
103,power2,IHD,AllAge,1.164822019,0.021917198,0.89655266,6.800441651,-4764.03685,-4757.931408
104,power2,IHD,AllAge,1.493878833,0.053092936,0.357513176,8.265663823,-4777.966426,-4771.860984
105,power2,IHD,AllAge,1.162423246,0.020475943,0.985399448,6.319549501,-4764.61555,-4758.510107
106,power2,IHD,AllAge,1.185853777,0.040810111,0.590931252,7.565579985,-4742.204045,-4736.098603
107,power2,IHD,AllAge,1.9481561,0.047455713,0.316003013,6.217960588,-4733.667656,-4727.562214
108,power2,IHD,AllAge,1.343596616,0.047113506,0.388793738,7.755677015,-4735.043657,-4728.938215
109,power2,IHD,AllAge,1.939274448,0.03690522,0.350245326,8.668129449,-4772.128809,-4766.023367
110,power2,IHD,AllAge,1.988138149,0.042935889,0.328960612,6.708082755,-4735.445658,-4729.340215
111,power2,IHD,AllAge,1.941306218,0.039084842,0.339238332,8.623239999,-4776.456706,-4770.351264
112,power2,IHD,AllAge,1.330337208,0.09315561,0.354883589,6.313275443,-4732.337278,-4726.231836
113,power2,IHD,AllAge,1.196954383,0.042048766,0.635968004,6.261470273,-4717.556299,-4711.450857
114,power2,IHD,AllAge,1.241648034,0.027214183,0.802833158,6.032994206,-4758.164796,-4752.059354
115,power2,IHD,AllAge,1.244555633,0.029973518,0.730623194,7.683935243,-4740.570628,-4734.465186
116,power2,IHD,AllAge,2.450645673,0.031608858,0.323519303,8.519206794,-4744.712866,-4738.607424
117,power2,IHD,AllAge,1.539443904,0.036337782,0.389726006,8.718801584,-4786.356741,-4780.251299
118,power2,IHD,AllAge,1.658941687,0.048290239,0.353892302,8.712920286,-4736.972986,-4730.867544
119,power2,IHD,AllAge,1.653478337,0.050084666,0.322006678,6.783353304,-4733.034753,-4726.929311
120,power2,IHD,AllAge,1.502029142,0.063446332,0.353463403,7.278459693,-4734.259514,-4728.154072
121,power2,IHD,AllAge,1.47322214,0.028045442,0.436411172,8.506417892,-4750.318077,-4744.212635
122,power2,IHD,AllAge,1.417829505,0.090821668,0.359668166,6.445685226,-4779.956374,-4773.850932
123,power2,IHD,AllAge,2.342303037,0.04573788,0.285680324,8.743418166,-4749.907197,-4743.801755
124,power2,IHD,AllAge,1.238841627,0.051686837,0.517850436,7.728459693,-4773.336059,-4767.230617
125,power2,IHD,AllAge,1.214321617,0.081011381,0.450998539,8.068423856,-4700.255297,-4694.149855
126,power2,IHD,AllAge,1.419365646,0.063189492,0.368006548,8.528900108,-4754.229643,-4748.124201
127,power2,IHD,AllAge,3.382516424,0.035968647,0.26394222,7.09454257,-4795.148797,-4789.043355
128,power2,IHD,AllAge,1.176273375,0.046011649,0.644188419,7.301426606,-4695.671843,-4689.566401
129,power2,IHD,AllAge,1.310331788,0.079326178,0.359868104,7.11418411,-4790.370314,-4784.264872
130,power2,IHD,AllAge,1.200244217,0.04387406,0.674858994,8.779165075,-4728.598976,-4722.493534
131,power2,IHD,AllAge,1.443079436,0.070836485,0.353849999,6.918731661,-4749.701062,-4743.59562
132,power2,IHD,AllAge,1.622778394,0.047807874,0.361669049,7.680304432,-4767.614592,-4761.509149
133,power2,IHD,AllAge,1.963378639,0.050211473,0.310152707,7.474376991,-4736.25244,-4730.146998
134,power2,IHD,AllAge,1.435152255,0.053399673,0.372972526,8.530355823,-4738.570986,-4732.465544
135,power2,IHD,AllAge,1.329727996,0.085235139,0.338766646,7.226044322,-4763.661925,-4757.556483
136,power2,IHD,AllAge,1.281988342,0.038622817,0.70419263,6.495291685,-4772.019603,-4765.914161
137,power2,IHD,AllAge,1.554917163,0.04865316,0.373345584,8.790890494,-4762.904438,-4756.798996
138,power2,IHD,AllAge,1.548645887,0.040782812,0.373262546,7.331863134,-4721.593833,-4715.488391
139,power2,IHD,AllAge,4.119268262,0.040105485,0.228135928,5.852930211,-4710.031711,-4703.926269
140,power2,IHD,AllAge,2.125555258,0.043532921,0.328894596,8.775794584,-4781.640211,-4775.534769
141,power2,IHD,AllAge,2.665072731,0.033563205,0.306060236,7.317212249,-4722.424023,-4716.318581
142,power2,IHD,AllAge,1.163545672,0.046936548,0.66775195,6.37833256,-4691.935218,-4685.829776
143,power2,IHD,AllAge,5.061648521,0.0262661,0.253877732,7.23613093,-4775.235708,-4769.130266
144,power2,IHD,AllAge,1.683014909,0.049273173,0.340291704,8.645909049,-4733.683552,-4727.57811
145,power2,IHD,AllAge,1.245368333,0.009724651,1.176537557,7.354673563,-4781.00164,-4774.896198
146,power2,IHD,AllAge,1.741586396,0.050251756,0.35357471,7.064074824,-4715.948036,-4709.842594
147,power2,IHD,AllAge,1.684297522,0.047063191,0.337942284,8.287343109,-4787.969015,-4781.863573
148,power2,IHD,AllAge,1.365795665,0.037915348,0.46544595,8.639890753,-4730.395878,-4724.290436
149,power2,IHD,AllAge,1.232492373,0.033061659,0.74436054,8.306856056,-4742.115743,-4736.0103
150,power2,IHD,AllAge,1.254909717,0.083583431,0.446613861,7.109850197,-4735.996008,-4729.890566
151,power2,IHD,AllAge,1.204020412,0.046449755,0.5890888,7.369430941,-4752.839024,-4746.733581
152,power2,IHD,AllAge,1.547534554,0.043980883,0.384521873,6.265293865,-4784.542047,-4778.436605
153,power2,IHD,AllAge,1.212543931,0.028806623,0.832413072,5.878049187,-4731.121825,-4725.016383
154,power2,IHD,AllAge,1.237741638,0.056713157,0.611947476,6.172374986,-4732.956371,-4726.850929
155,power2,IHD,AllAge,2.331116357,0.031724443,0.338488193,7.482875161,-4720.476733,-4714.371291
156,power2,IHD,AllAge,1.748891026,0.049863866,0.330003381,6.586962932,-4750.026738,-4743.921296
157,power2,IHD,AllAge,1.35909526,0.058682374,0.377155398,8.562143608,-4745.174266,-4739.068824
158,power2,IHD,AllAge,1.30432616,0.07190109,0.466344519,8.093770106,-4743.965669,-4737.860227
159,power2,IHD,AllAge,1.145361534,0.053632691,0.619340232,7.423730414,-4764.852838,-4758.747396
160,power2,IHD,AllAge,1.309498126,0.05034565,0.430563791,8.01804485,-4751.593861,-4745.488419
161,power2,IHD,AllAge,2.058433976,0.02545097,0.383699184,7.158719087,-4797.572548,-4791.467106
162,power2,IHD,AllAge,1.498813954,0.043891269,0.386325025,8.500296624,-4792.127787,-4786.022345
163,power2,IHD,AllAge,1.249156522,0.061310402,0.519779547,7.574133099,-4733.177446,-4727.072004
164,power2,IHD,AllAge,1.581504628,0.040702314,0.381778978,6.39669132,-4792.547116,-4786.441674
165,power2,IHD,AllAge,1.877106454,0.051568013,0.308932308,6.708142819,-4726.235838,-4720.130396
166,power2,IHD,AllAge,2.131460713,0.05137104,0.298882825,7.250424824,-4725.36903,-4719.263588
167,power2,IHD,AllAge,1.193091436,0.064093235,0.443651553,6.562766217,-4738.095795,-4731.990353
168,power2,IHD,AllAge,1.215070062,0.021648368,0.81229101,8.45486465,-4752.719051,-4746.613609
169,power2,IHD,AllAge,1.762336056,0.055784881,0.320085864,6.574050573,-4729.525234,-4723.419792
170,power2,IHD,AllAge,1.155427815,0.039164426,0.74296274,7.283020788,-4743.409971,-4737.304529
171,power2,IHD,AllAge,1.671751833,0.042416856,0.366910775,8.549573244,-4750.00451,-4743.899068
172,power2,IHD,AllAge,1.185288723,0.048438009,0.567748204,8.39989326,-4749.782027,-4743.676585
173,power2,IHD,AllAge,2.003355837,0.029208513,0.371295461,8.467370291,-4790.806485,-4784.701043
174,power2,IHD,AllAge,1.906933015,0.053365663,0.312736749,7.362764134,-4751.179879,-4745.074437
175,power2,IHD,AllAge,1.14415896,0.01041257,1.228712961,6.535681471,-4715.73286,-4709.627418
176,power2,IHD,AllAge,1.289200418,0.021158984,0.799806136,7.460658349,-4767.046225,-4760.940783
177,power2,IHD,AllAge,1.188239274,0.039239138,0.80437385,6.466711115,-4709.501707,-4703.396265
178,power2,IHD,AllAge,1.317246406,0.037251167,0.465339232,8.776188406,-4752.137876,-4746.032434
179,power2,IHD,AllAge,1.283670816,0.078115484,0.37256234,5.933036128,-4766.834592,-4760.72915
180,power2,IHD,AllAge,1.234900845,0.076537106,0.528044959,6.73751284,-4751.486594,-4745.381152
181,power2,IHD,AllAge,1.340783152,0.086196852,0.345952561,5.991214144,-4753.90693,-4747.801488
182,power2,IHD,AllAge,1.146187678,0.059006968,0.643394788,5.844719135,-4698.061974,-4691.956531
183,power2,IHD,AllAge,1.494155987,0.073322136,0.320281565,8.137932632,-4745.865977,-4739.760535
184,power2,IHD,AllAge,1.847564618,0.04719861,0.325175725,8.1072287,-4770.851097,-4764.745655
185,power2,IHD,AllAge,2.165317137,0.033460043,0.337316971,8.17364461,-4734.493843,-4728.388401
186,power2,IHD,AllAge,1.462045917,0.098221417,0.297484071,6.834984944,-4715.310579,-4709.205137
187,power2,IHD,AllAge,1.180477339,0.02550467,0.834167408,7.130205613,-4756.412682,-4750.30724
188,power2,IHD,AllAge,1.865529331,0.052269257,0.316411077,7.788709245,-4762.873942,-4756.768499
189,power2,IHD,AllAge,1.270727988,0.078055585,0.367331117,7.973357874,-4745.095501,-4738.990059
190,power2,IHD,AllAge,1.154740509,0.048511498,0.644759762,8.164202824,-4771.392187,-4765.286744
191,power2,IHD,AllAge,1.345900139,0.072907539,0.364093099,7.107399116,-4728.98073,-4722.875288
192,power2,IHD,AllAge,1.38042433,0.045816331,0.392019404,8.642423924,-4743.884836,-4737.779394
193,power2,IHD,AllAge,1.123647,0.045323818,0.703542488,8.502209812,-4711.796458,-4705.691016
194,power2,IHD,AllAge,2.216411326,0.040072787,0.297879922,8.443479997,-4783.403686,-4777.298244
195,power2,IHD,AllAge,3.308562267,0.021552828,0.322188875,8.737674222,-4777.411868,-4771.306426
196,power2,IHD,AllAge,1.197213175,0.018694404,0.969536781,7.660208675,-4776.27727,-4770.171827
197,power2,IHD,AllAge,1.247118213,0.053984254,0.439510848,7.251509749,-4722.819894,-4716.714452
198,power2,IHD,AllAge,1.433548682,0.05989018,0.361949571,7.894742574,-4769.431878,-4763.326436
199,power2,IHD,AllAge,1.183110218,0.02358491,0.985598981,8.476088945,-4757.383848,-4751.278406
200,power2,IHD,AllAge,1.783138933,0.047577361,0.343861268,7.099857773,-4720.143199,-4714.037757
201,power2,IHD,AllAge,1.458686407,0.062673145,0.361944987,7.891855071,-4753.988313,-4747.882871
202,power2,IHD,AllAge,1.499222837,0.068505353,0.35542538,7.280972182,-4734.487396,-4728.381954
203,power2,IHD,AllAge,1.379629818,0.094905389,0.323661689,6.058172902,-4716.088262,-4709.98282
204,power2,IHD,AllAge,2.274509253,0.039519943,0.315171937,6.351872805,-4774.111305,-4768.005863
205,power2,IHD,AllAge,1.232853082,0.057805354,0.43186723,8.567791998,-4783.21019,-4777.104748
206,power2,IHD,AllAge,1.334043351,0.063514579,0.380667372,6.07474479,-4734.997615,-4728.892173
207,power2,IHD,AllAge,1.565560398,0.033879499,0.399713543,8.041489335,-4776.182755,-4770.077313
208,power2,IHD,AllAge,1.78406954,0.054804918,0.327111804,8.715248565,-4725.526313,-4719.420871
209,power2,IHD,AllAge,1.679464305,0.049814063,0.327408882,8.70602125,-4739.792361,-4733.686919
210,power2,IHD,AllAge,2.25109909,0.036459815,0.319975417,8.053511266,-4794.201001,-4788.095559
211,power2,IHD,AllAge,1.206508231,0.029126974,0.879495822,6.995598011,-4762.006825,-4755.901383
212,power2,IHD,AllAge,1.403270867,0.072269955,0.344293975,7.232236483,-4760.143876,-4754.038434
213,power2,IHD,AllAge,1.689135316,0.044093116,0.363004119,8.772568844,-4752.725475,-4746.620033
214,power2,IHD,AllAge,1.456765498,0.056366749,0.375291519,6.445027972,-4712.747135,-4706.641693
215,power2,IHD,AllAge,1.221604094,0.072257007,0.475800506,7.345653782,-4725.609058,-4719.503616
216,power2,IHD,AllAge,1.770410667,0.044281471,0.351887998,8.365712963,-4790.431037,-4784.325595
217,power2,IHD,AllAge,1.41156206,0.070487702,0.387819373,5.922995568,-4755.86487,-4749.759428
218,power2,IHD,AllAge,1.851536017,0.040117251,0.346254856,6.631097581,-4739.747202,-4733.64176
219,power2,IHD,AllAge,1.197930523,0.023325571,0.81979745,7.771164433,-4759.4678,-4753.362357
220,power2,IHD,AllAge,1.139596621,0.032063635,0.81177805,7.761537865,-4729.056124,-4722.950681
221,power2,IHD,AllAge,1.201721071,0.01298147,0.979422756,8.21853201,-4752.189744,-4746.084302
222,power2,IHD,AllAge,1.214104883,0.059233027,0.563886256,6.510562891,-4737.785396,-4731.679953
223,power2,IHD,AllAge,1.153118284,0.070735714,0.593570354,7.027862973,-4755.268851,-4749.163409
224,power2,IHD,AllAge,1.185850648,0.03858781,0.697623164,8.013602768,-4762.347304,-4756.241862
225,power2,IHD,AllAge,1.713058935,0.048173729,0.354719043,7.44113298,-4746.141167,-4740.035725
226,power2,IHD,AllAge,1.607660232,0.058108355,0.346132396,6.713849037,-4734.289583,-4728.184141
227,power2,IHD,AllAge,1.517377059,0.086020188,0.300808828,6.463083756,-4747.219081,-4741.113639
228,power2,IHD,AllAge,1.210104932,0.018248103,0.97947089,6.712578792,-4735.630007,-4729.524564
229,power2,IHD,AllAge,1.19741437,0.067236539,0.451904479,8.618262676,-4702.860157,-4696.754715
230,power2,IHD,AllAge,2.420789985,0.041844631,0.291503368,7.432387347,-4797.287378,-4791.181936
231,power2,IHD,AllAge,1.898366953,0.051412805,0.318811979,7.949658799,-4773.461675,-4767.356233
232,power2,IHD,AllAge,1.779713426,0.047991285,0.348414937,8.681848255,-4778.29917,-4772.193727
233,power2,IHD,AllAge,2.125338079,0.049897631,0.299267692,7.348121143,-4794.294193,-4788.188751
234,power2,IHD,AllAge,1.182666358,0.040531884,0.758692746,7.441311147,-4770.941445,-4764.836003
235,power2,IHD,AllAge,1.611063809,0.040826462,0.366927504,8.121282646,-4774.400164,-4768.294722
236,power2,IHD,AllAge,1.983531808,0.062020479,0.28393795,8.338799264,-4724.543794,-4718.438352
237,power2,IHD,AllAge,1.222821038,0.029752346,0.740576399,8.691075795,-4754.617297,-4748.511854
238,power2,IHD,AllAge,1.308977659,0.04411086,0.420241638,8.566335864,-4776.995686,-4770.890244
239,power2,IHD,AllAge,1.315133013,0.044030462,0.486346565,7.347886667,-4751.694225,-4745.588783
240,power2,IHD,AllAge,2.117685144,0.038286872,0.327584014,8.586370474,-4727.308891,-4721.203449
241,power2,IHD,AllAge,1.266710418,0.061974593,0.477624476,6.786455344,-4739.838181,-4733.732739
242,power2,IHD,AllAge,1.594866708,0.072031998,0.308821874,6.328581361,-4727.453735,-4721.348293
243,power2,IHD,AllAge,1.73138901,0.053983924,0.332093635,6.435780716,-4732.506854,-4726.401412
244,power2,IHD,AllAge,1.192573434,0.009186369,1.351393032,5.973425339,-4719.347516,-4713.242074
245,power2,IHD,AllAge,1.519592757,0.043719936,0.375648773,7.142918411,-4746.345103,-4740.239661
246,power2,IHD,AllAge,1.536332782,0.085290881,0.329462864,6.08551843,-4734.137445,-4728.032003
247,power2,IHD,AllAge,1.242306987,0.020729665,0.822068669,7.677132462,-4783.478835,-4777.373393
248,power2,IHD,AllAge,1.216916168,0.022081812,0.812835113,8.277260312,-4735.70526,-4729.599818
249,power2,IHD,AllAge,1.282687909,0.046629042,0.462265382,8.184127662,-4778.654076,-4772.548634
250,power2,IHD,AllAge,1.307315187,0.051452711,0.416006394,8.171353843,-4763.01386,-4756.908418
251,power2,IHD,AllAge,1.252345493,0.073822516,0.449532199,7.877895251,-4758.387621,-4752.282179
252,power2,IHD,AllAge,1.183578198,0.020874035,0.998707612,7.310722276,-4732.115521,-4726.010079
253,power2,IHD,AllAge,1.293737726,0.061824722,0.385560815,7.696007032,-4755.983366,-4749.877924
254,power2,IHD,AllAge,1.282680901,0.024640787,0.759616952,6.900420068,-4719.522899,-4713.417457
255,power2,IHD,AllAge,1.660268048,0.052271501,0.368834474,8.791423661,-4751.011972,-4744.90653
256,power2,IHD,AllAge,1.623467776,0.051208636,0.352363845,8.114308699,-4762.026957,-4755.921515
257,power2,IHD,AllAge,1.17045924,0.061456693,0.456671274,7.861739757,-4753.008186,-4746.902744
258,power2,IHD,AllAge,1.401500112,0.072202571,0.361056683,6.489791242,-4783.483306,-4777.377864
259,power2,IHD,AllAge,1.497718817,0.050353186,0.373812302,7.15889757,-4764.578725,-4758.473282
260,power2,IHD,AllAge,1.489015656,0.037836628,0.406192273,8.672153509,-4804.764086,-4798.658644
261,power2,IHD,AllAge,1.423084787,0.095750673,0.324634024,6.519058373,-4779.433282,-4773.32784
262,power2,IHD,AllAge,2.038549614,0.065317825,0.279759223,6.110276628,-4713.520332,-4707.41489
263,power2,IHD,AllAge,1.21856559,0.01898155,0.838079236,7.186996495,-4750.656056,-4744.550614
264,power2,IHD,AllAge,2.40264819,0.028849865,0.342857654,7.353230063,-4764.058426,-4757.952984
265,power2,IHD,AllAge,1.312050366,0.069487831,0.36453257,6.162153846,-4766.559504,-4760.454062
266,power2,IHD,AllAge,1.309770473,0.074997005,0.384948682,7.582941735,-4751.707199,-4745.601757
267,power2,IHD,AllAge,1.764362488,0.040793205,0.341705727,8.344407475,-4714.278595,-4708.173152
268,power2,IHD,AllAge,2.473575848,0.038543309,0.295999895,8.569347143,-4761.592332,-4755.48689
269,power2,IHD,AllAge,1.202453778,0.023652876,0.861405096,8.766778325,-4751.117033,-4745.011591
270,power2,IHD,AllAge,1.731953193,0.037151862,0.360464276,7.047332385,-4779.313593,-4773.208151
271,power2,IHD,AllAge,1.428404093,0.034499609,0.427355792,8.519681152,-4728.804517,-4722.699075
272,power2,IHD,AllAge,1.583179936,0.057259614,0.343545806,6.251347198,-4733.754977,-4727.649535
273,power2,IHD,AllAge,1.235451147,0.010274272,1.177073633,7.907120917,-4726.448829,-4720.343387
274,power2,IHD,AllAge,1.168734723,0.03213242,0.749034703,6.810159638,-4748.150654,-4742.045212
275,power2,IHD,AllAge,2.214899151,0.034885313,0.329010452,5.952858579,-4777.543181,-4771.437739
276,power2,IHD,AllAge,2.990585413,0.039288044,0.272886442,7.243046352,-4822.87273,-4816.767288
277,power2,IHD,AllAge,1.352404674,0.055557914,0.357503757,8.750206984,-4754.41619,-4748.310748
278,power2,IHD,AllAge,1.277727455,0.062782433,0.395716006,6.542360995,-4751.70421,-4745.598767
279,power2,IHD,AllAge,1.229311072,0.091853818,0.420106291,6.691733035,-4776.02869,-4769.923247
280,power2,IHD,AllAge,1.579409586,0.024342629,0.439921128,7.262910201,-4744.698378,-4738.592936
281,power2,IHD,AllAge,1.538004208,0.036387829,0.392706513,6.860911033,-4780.256901,-4774.151459
282,power2,IHD,AllAge,1.294790666,0.033685585,0.484980209,6.144111603,-4775.524451,-4769.419009
283,power2,IHD,AllAge,1.127553324,0.046458129,0.57156006,5.8842573,-4708.962596,-4702.857154
284,power2,IHD,AllAge,1.299120313,0.071624426,0.360730953,7.680158026,-4758.650613,-4752.545171
285,power2,IHD,AllAge,1.724054861,0.041975275,0.357997192,8.220426292,-4793.504903,-4787.399461
286,power2,IHD,AllAge,1.43136775,0.056382696,0.36988131,7.625067067,-4768.429572,-4762.32413
287,power2,IHD,AllAge,1.685790719,0.057337136,0.318194593,6.885794545,-4744.624894,-4738.519452
288,power2,IHD,AllAge,1.419582768,0.063059443,0.35610495,7.016809811,-4763.529782,-4757.42434
289,power2,IHD,AllAge,1.251427459,0.053828719,0.481716227,7.772389464,-4772.448415,-4766.342973
290,power2,IHD,AllAge,1.366814122,0.072167711,0.363431413,8.429063084,-4758.068811,-4751.963369
291,power2,IHD,AllAge,1.530711574,0.092133937,0.297861342,6.14483729,-4748.583724,-4742.478282
292,power2,IHD,AllAge,1.287867862,0.038811997,0.593959882,7.251221597,-4756.0778,-4749.972358
293,power2,IHD,AllAge,1.986221396,0.036024587,0.336220049,7.899528966,-4763.363318,-4757.257876
294,power2,IHD,AllAge,1.266203858,0.077352605,0.372324232,8.026724213,-4747.713154,-4741.607712
295,power2,IHD,AllAge,1.232702472,0.058252421,0.506053449,8.346911462,-4724.104003,-4717.998561
296,power2,IHD,AllAge,1.80725248,0.046565846,0.346475905,7.967252039,-4783.936542,-4777.831099
297,power2,IHD,AllAge,1.460830681,0.061117791,0.377961779,7.96227873,-4744.285268,-4738.179825
298,power2,IHD,AllAge,1.516636752,0.059950015,0.345350091,6.58054186,-4755.141327,-4749.035885
299,power2,IHD,AllAge,1.130725481,0.043876024,0.599443142,5.815440731,-4751.958346,-4745.852904
300,power2,IHD,AllAge,2.293895637,0.051106621,0.283735693,6.157506863,-4774.380963,-4768.275521
301,power2,IHD,AllAge,1.448106271,0.056873145,0.350653305,6.710105522,-4730.706112,-4724.60067
302,power2,IHD,AllAge,1.994135529,0.053901547,0.301344298,7.69604885,-4760.375489,-4754.270047
303,power2,IHD,AllAge,1.222541018,0.06927324,0.447337568,8.743131816,-4712.003991,-4705.898549
304,power2,IHD,AllAge,1.576411121,0.053263833,0.342647316,8.20297354,-4805.756151,-4799.650709
305,power2,IHD,AllAge,1.242564591,0.025261616,0.873413382,8.410568822,-4750.169658,-4744.064216
306,power2,IHD,AllAge,1.202634964,0.025254077,0.787217052,7.921992195,-4787.043124,-4780.937681
307,power2,IHD,AllAge,1.127729926,0.018147127,0.956997003,7.16548939,-4731.606986,-4725.501544
308,power2,IHD,AllAge,1.263853414,0.056112199,0.419834377,8.665285832,-4705.319736,-4699.214294
309,power2,IHD,AllAge,1.886041263,0.032867284,0.368620272,8.486234882,-4772.984253,-4766.878811
310,power2,IHD,AllAge,1.1536357,0.06173117,0.534472474,8.387476444,-4763.463041,-4757.357599
311,power2,IHD,AllAge,1.416321683,0.084363906,0.367109889,6.045018543,-4720.687033,-4714.581591
312,power2,IHD,AllAge,1.762935783,0.041682087,0.360259303,7.201930046,-4744.538636,-4738.433194
313,power2,IHD,AllAge,1.292122229,0.083503977,0.424924012,6.203938185,-4719.0818,-4712.976358
314,power2,IHD,AllAge,2.019542125,0.052479324,0.295837932,8.304086646,-4776.955897,-4770.850455
315,power2,IHD,AllAge,1.242430251,0.048649795,0.446685105,8.710022989,-4774.543447,-4768.438005
316,power2,IHD,AllAge,2.973390393,0.05459223,0.230901429,5.88536712,-4725.74502,-4719.639578
317,power2,IHD,AllAge,1.324750981,0.065599592,0.390616198,7.951352345,-4741.884997,-4735.779555
318,power2,IHD,AllAge,1.224268806,0.028020347,0.763662536,8.04899063,-4706.828382,-4700.72294
319,power2,IHD,AllAge,1.695052608,0.064985239,0.318127721,6.84136,-4735.307674,-4729.202232
320,power2,IHD,AllAge,1.147411209,0.112106486,0.334061416,8.121284171,-4761.798789,-4755.693347
321,power2,IHD,AllAge,1.256766974,0.077219821,0.434879779,5.862711026,-4731.178999,-4725.073557
322,power2,IHD,AllAge,1.531953862,0.047422291,0.391932501,8.143672935,-4751.282018,-4745.176576
323,power2,IHD,AllAge,1.707653173,0.042814239,0.344466683,8.496149292,-4730.294119,-4724.188677
324,power2,IHD,AllAge,2.559100317,0.043176326,0.279355406,8.399282412,-4757.059281,-4750.953839
325,power2,IHD,AllAge,1.112660829,0.03053837,0.743835441,7.237437778,-4755.118873,-4749.013431
326,power2,IHD,AllAge,1.399034548,0.074980383,0.342511791,6.961733137,-4742.84664,-4736.741197
327,power2,IHD,AllAge,1.908703688,0.090082596,0.252091544,5.804102011,-4692.661401,-4686.555959
328,power2,IHD,AllAge,1.443946786,0.077337308,0.334523181,7.816274099,-4759.847624,-4753.742182
329,power2,IHD,AllAge,1.433482997,0.054821924,0.386062274,8.195572666,-4707.358535,-4701.253093
330,power2,IHD,AllAge,1.106180427,0.036646696,0.644611492,7.702197315,-4736.982013,-4730.876571
331,power2,IHD,AllAge,1.515801848,0.039974437,0.404438752,8.294785345,-4760.689517,-4754.584075
332,power2,IHD,AllAge,1.310073027,0.061877996,0.39727802,8.746662495,-4765.444622,-4759.33918
333,power2,IHD,AllAge,2.160718618,0.045327601,0.304878918,5.845950663,-4699.672691,-4693.567249
334,power2,IHD,AllAge,1.522482627,0.038222435,0.408885001,8.107703658,-4768.95233,-4762.846888
335,power2,IHD,AllAge,1.176660629,0.025487956,0.818858004,8.095806455,-4757.55784,-4751.452398
336,power2,IHD,AllAge,1.298187718,0.074711655,0.371919042,7.823969736,-4801.225097,-4795.119655
337,power2,IHD,AllAge,1.495968469,0.05649176,0.367808499,7.076127069,-4744.449057,-4738.343615
338,power2,IHD,AllAge,1.503348914,0.055123226,0.360722823,8.368413987,-4749.113382,-4743.00794
339,power2,IHD,AllAge,1.784666797,0.055878303,0.32189353,7.188302422,-4756.002549,-4749.897107
340,power2,IHD,AllAge,1.222273257,0.029740013,0.771692959,7.058317173,-4742.922033,-4736.816591
341,power2,IHD,AllAge,1.290012735,0.042256878,0.606637709,7.086823887,-4729.554371,-4723.448928
342,power2,IHD,AllAge,1.212751213,0.025386097,0.879297942,8.667977811,-4704.385604,-4698.280162
343,power2,IHD,AllAge,1.488348353,0.068570605,0.326000773,6.076057244,-4731.215044,-4725.109602
344,power2,IHD,AllAge,1.223637863,0.050288769,0.417839043,8.12309925,-4805.19518,-4799.089738
345,power2,IHD,AllAge,1.119677121,0.05253733,0.698672412,6.097843662,-4728.936533,-4722.831091
346,power2,IHD,AllAge,1.495605106,0.064740427,0.332315125,7.640710773,-4754.433752,-4748.32831
347,power2,IHD,AllAge,2.059774831,0.044338928,0.316383966,7.998054717,-4685.712188,-4679.606746
348,power2,IHD,AllAge,1.366952438,0.044218279,0.420405555,7.398135141,-4796.776025,-4790.670583
349,power2,IHD,AllAge,1.385881219,0.07366571,0.347976813,7.861759538,-4716.642408,-4710.536966
350,power2,IHD,AllAge,1.721337443,0.044439523,0.345949906,6.684596834,-4790.095067,-4783.989625
351,power2,IHD,AllAge,2.947540291,0.032144014,0.286586969,8.276595664,-4755.002402,-4748.89696
352,power2,IHD,AllAge,1.524237282,0.061421015,0.35585879,6.826724717,-4776.037558,-4769.932116
353,power2,IHD,AllAge,1.256903572,0.054716537,0.561999546,6.384880488,-4705.973822,-4699.86838
354,power2,IHD,AllAge,1.606535844,0.038686349,0.38857462,6.306562281,-4729.867447,-4723.762005
355,power2,IHD,AllAge,1.237227435,0.045324698,0.49158183,7.449309818,-4716.885797,-4710.780355
356,power2,IHD,AllAge,1.199517266,0.058997783,0.562144584,5.844764804,-4740.862568,-4734.757126
357,power2,IHD,AllAge,2.400416341,0.04180779,0.311563036,8.684126181,-4742.357883,-4736.252441
358,power2,IHD,AllAge,1.776908312,0.04755249,0.331336354,8.759334122,-4780.492651,-4774.387209
359,power2,IHD,AllAge,1.487217319,0.046220767,0.379856846,8.180262764,-4746.686331,-4740.580889
360,power2,IHD,AllAge,1.297513623,0.042306239,0.660528867,6.995449411,-4739.668997,-4733.563555
361,power2,IHD,AllAge,1.257458858,0.056255855,0.583398635,6.899065155,-4745.822227,-4739.716785
362,power2,IHD,AllAge,1.796482141,0.046116912,0.345573963,6.153867377,-4731.978201,-4725.872759
363,power2,IHD,AllAge,1.303459822,0.070238346,0.430759657,8.308348926,-4738.149374,-4732.043932
364,power2,IHD,AllAge,1.392648054,0.041801722,0.404584203,8.155088167,-4722.424339,-4716.318897
365,power2,IHD,AllAge,2.298604419,0.048361049,0.282590161,6.701701592,-4719.510786,-4713.405343
366,power2,IHD,AllAge,2.06210633,0.053187034,0.302789952,6.86401523,-4795.267466,-4789.162024
367,power2,IHD,AllAge,1.670675042,0.033826651,0.395539504,8.714009903,-4735.890406,-4729.784964
368,power2,IHD,AllAge,1.178541513,0.076612618,0.434485601,6.054061223,-4741.691217,-4735.585775
369,power2,IHD,AllAge,4.50291849,0.029624797,0.245996562,6.918013566,-4727.171211,-4721.065769
370,power2,IHD,AllAge,1.176120929,0.008431629,1.315896412,5.974500539,-4757.027542,-4750.9221
371,power2,IHD,AllAge,1.255368103,0.041205826,0.699304223,6.079783068,-4712.591382,-4706.48594
372,power2,IHD,AllAge,2.958838425,0.035488989,0.284641349,6.00306676,-4722.444832,-4716.33939
373,power2,IHD,AllAge,1.376400471,0.042037038,0.444961637,8.095258702,-4780.32094,-4774.215498
374,power2,IHD,AllAge,1.196909641,0.047378039,0.618932688,6.589378957,-4711.190479,-4705.085037
375,power2,IHD,AllAge,1.321221562,0.043472601,0.448722821,7.528338468,-4714.017528,-4707.912086
376,power2,IHD,AllAge,1.433892143,0.063240071,0.378869361,7.650521641,-4736.692405,-4730.586963
377,power2,IHD,AllAge,1.91441393,0.053574221,0.292724388,7.257649148,-4757.243259,-4751.137817
378,power2,IHD,AllAge,1.188866415,0.032793186,0.708936411,8.725978935,-4704.27029,-4698.164848
379,power2,IHD,AllAge,1.576906184,0.047084691,0.351444044,7.331593646,-4783.690013,-4777.584571
380,power2,IHD,AllAge,1.352092155,0.043261508,0.578866769,8.284632256,-4791.143648,-4785.038205
381,power2,IHD,AllAge,1.239182633,0.033312852,0.690997211,6.279344383,-4761.487338,-4755.381896
382,power2,IHD,AllAge,1.271288656,0.015082745,0.895923362,6.94522706,-4729.160135,-4723.054693
383,power2,IHD,AllAge,1.423476967,0.060217075,0.396127818,8.767770471,-4711.076073,-4704.970631
384,power2,IHD,AllAge,1.849696201,0.034342169,0.374109288,6.882181893,-4761.494163,-4755.388721
385,power2,IHD,AllAge,1.258878959,0.024915079,0.545971849,8.119537219,-4752.705325,-4746.599883
386,power2,IHD,AllAge,1.415189445,0.061260047,0.39112766,7.311294831,-4736.913995,-4730.808552
387,power2,IHD,AllAge,1.879513579,0.047002155,0.335231763,5.814957699,-4713.784618,-4707.679176
388,power2,IHD,AllAge,1.244899245,0.070439389,0.492712552,8.443874035,-4735.608507,-4729.503065
389,power2,IHD,AllAge,1.32769823,0.059342288,0.387533622,7.620976173,-4757.462642,-4751.3572
390,power2,IHD,AllAge,3.241202884,0.032374494,0.288628262,6.841152039,-4749.24957,-4743.144128
391,power2,IHD,AllAge,1.220731408,0.007797677,1.502326514,8.667801822,-4731.694607,-4725.589165
392,power2,IHD,AllAge,1.434343735,0.063983704,0.337171386,6.258181354,-4723.96901,-4717.863568
393,power2,IHD,AllAge,1.263838405,0.032871641,0.783652331,7.300653665,-4743.051281,-4736.945839
394,power2,IHD,AllAge,1.73912796,0.03598028,0.370531893,6.839618715,-4745.335917,-4739.230475
395,power2,IHD,AllAge,1.671939628,0.062110328,0.329868665,6.038214118,-4708.614025,-4702.508583
396,power2,IHD,AllAge,1.204866895,0.066870662,0.484036772,7.906044338,-4798.134934,-4792.029492
397,power2,IHD,AllAge,1.572767835,0.044949068,0.370439223,8.329771941,-4707.775217,-4701.669775
398,power2,IHD,AllAge,1.207765274,0.070642766,0.468310337,7.321786832,-4712.899588,-4706.794145
399,power2,IHD,AllAge,1.358018093,0.066263725,0.417598142,6.493182069,-4752.283474,-4746.178031
400,power2,IHD,AllAge,1.148967365,0.020358506,0.9480347,7.107970297,-4728.518596,-4722.413154
401,power2,IHD,AllAge,1.17981001,0.025660592,0.802237922,8.49261756,-4758.428488,-4752.323046
402,power2,IHD,AllAge,1.429941414,0.077311834,0.341785504,7.64776783,-4795.874472,-4789.769029
403,power2,IHD,AllAge,1.592583196,0.062402294,0.330584143,7.196373829,-4707.389937,-4701.284495
404,power2,IHD,AllAge,1.169159893,0.050857388,0.645728031,6.386591588,-4735.605172,-4729.49973
405,power2,IHD,AllAge,1.388597104,0.048307615,0.425858559,6.519633716,-4760.982326,-4754.876884
406,power2,IHD,AllAge,3.417703781,0.032931201,0.267694478,6.214707937,-4739.349045,-4733.243603
407,power2,IHD,AllAge,1.242061187,0.029994987,0.692469505,8.094516775,-4747.192381,-4741.086939
408,power2,IHD,AllAge,1.330278381,0.066330833,0.390651215,7.211102708,-4754.691711,-4748.586269
409,power2,IHD,AllAge,1.293700725,0.074855972,0.416478861,8.763226813,-4799.334939,-4793.229497
410,power2,IHD,AllAge,1.801908246,0.044669261,0.330564723,7.652121983,-4739.629828,-4733.524386
411,power2,IHD,AllAge,1.174221022,0.038489438,0.713505765,7.377330146,-4754.215048,-4748.109606
412,power2,IHD,AllAge,1.351124566,0.056249861,0.397328208,6.39390614,-4713.551018,-4707.445576
413,power2,IHD,AllAge,1.266709881,0.047181118,0.579721671,8.742418428,-4814.247659,-4808.142217
414,power2,IHD,AllAge,2.69507495,0.028436315,0.324639095,6.254883976,-4772.421041,-4766.315599
415,power2,IHD,AllAge,1.905188239,0.037884129,0.338994318,8.566937663,-4745.423413,-4739.317971
416,power2,IHD,AllAge,1.205078532,0.040041285,0.76767952,8.263137723,-4768.174963,-4762.069521
417,power2,IHD,AllAge,1.692651328,0.036423418,0.380215554,7.352353171,-4768.338627,-4762.233185
418,power2,IHD,AllAge,1.720511065,0.054832043,0.332984146,5.819886789,-4756.058881,-4749.953439
419,power2,IHD,AllAge,2.604939932,0.057914107,0.253698688,6.768150115,-4752.762784,-4746.657342
420,power2,IHD,AllAge,2.257006206,0.060126769,0.263723476,5.812969723,-4741.285533,-4735.180091
421,power2,IHD,AllAge,1.463236038,0.044843441,0.394379285,8.74196811,-4779.143434,-4773.037992
422,power2,IHD,AllAge,2.835247739,0.033459817,0.303572064,7.463814751,-4715.921551,-4709.816108
423,power2,IHD,AllAge,1.387081815,0.073612951,0.344836317,6.034252108,-4691.598218,-4685.492776
424,power2,IHD,AllAge,2.139051202,0.040614038,0.317555283,8.305131228,-4793.046693,-4786.941251
425,power2,IHD,AllAge,1.679126199,0.042222857,0.363366236,8.443636448,-4777.161174,-4771.055732
426,power2,IHD,AllAge,1.677368573,0.060759778,0.317113764,7.258448178,-4757.56079,-4751.455348
427,power2,IHD,AllAge,1.412174083,0.053196191,0.387096744,8.758786091,-4755.661296,-4749.555854
428,power2,IHD,AllAge,1.386942305,0.07061924,0.350145649,7.191919754,-4765.482118,-4759.376676
429,power2,IHD,AllAge,1.41695244,0.055744153,0.381706655,7.746903884,-4724.541095,-4718.435653
430,power2,IHD,AllAge,1.238383475,0.015562686,1.041203567,6.666622566,-4704.042631,-4697.937189
431,power2,IHD,AllAge,1.259949966,0.031488849,0.762694526,6.041510928,-4743.335438,-4737.229996
432,power2,IHD,AllAge,1.65284733,0.054684042,0.336641356,7.597845424,-4730.966546,-4724.861103
433,power2,IHD,AllAge,4.090087826,0.032266167,0.251653164,7.671594016,-4768.187318,-4762.081876
434,power2,IHD,AllAge,1.452190313,0.076852712,0.331905836,6.924659157,-4740.878234,-4734.772792
435,power2,IHD,AllAge,1.892799154,0.052846836,0.311105269,8.249534712,-4715.081659,-4708.976217
436,power2,IHD,AllAge,1.66151946,0.028003737,0.410852975,8.4553819,-4745.615969,-4739.510527
437,power2,IHD,AllAge,1.158452085,0.032017272,0.641125646,6.528829881,-4753.745558,-4747.640116
438,power2,IHD,AllAge,5.544375418,0.02176612,0.250829798,6.2624371,-4692.541639,-4686.436197
439,power2,IHD,AllAge,1.519819809,0.052881288,0.376337268,6.870595812,-4782.16773,-4776.062288
440,power2,IHD,AllAge,1.548915822,0.043361633,0.371846492,6.884328025,-4776.428829,-4770.323387
441,power2,IHD,AllAge,1.279602292,0.072117978,0.383000173,7.281911219,-4727.350197,-4721.244755
442,power2,IHD,AllAge,1.29477712,0.03769585,0.610967501,8.682070211,-4757.977322,-4751.87188
443,power2,IHD,AllAge,1.295907926,0.055813086,0.420374806,7.130303366,-4732.1745,-4726.069057
444,power2,IHD,AllAge,1.600378287,0.059565671,0.323593092,7.384381939,-4738.814929,-4732.709487
445,power2,IHD,AllAge,1.631097816,0.053349681,0.34055005,6.855729245,-4730.880821,-4724.775379
446,power2,IHD,AllAge,2.06735921,0.05327493,0.302074919,6.004067712,-4712.479539,-4706.374097
447,power2,IHD,AllAge,1.409260806,0.042295474,0.395095864,6.821301434,-4743.458468,-4737.353026
448,power2,IHD,AllAge,1.171009298,0.01069019,0.937278496,6.092448456,-4727.765818,-4721.660375
449,power2,IHD,AllAge,1.2943073,0.033203545,0.485924281,8.596967184,-4781.916767,-4775.811324
450,power2,IHD,AllAge,1.244384159,0.036457564,0.606878703,6.98580059,-4694.846058,-4688.740616
451,power2,IHD,AllAge,1.934879651,0.033534697,0.354823127,8.655656429,-4771.958246,-4765.852804
452,power2,IHD,AllAge,1.205760557,0.006345281,1.350207638,8.072651928,-4731.275957,-4725.170515
453,power2,IHD,AllAge,1.393971082,0.06825345,0.363280178,7.811552524,-4798.734227,-4792.628785
454,power2,IHD,AllAge,1.241243721,0.023913653,0.874281556,7.352113001,-4766.339926,-4760.234484
455,power2,IHD,AllAge,1.85620435,0.047082082,0.333571921,7.273795728,-4806.440509,-4800.335066
456,power2,IHD,AllAge,1.762365676,0.051917339,0.33428804,7.271772965,-4797.274296,-4791.168854
457,power2,IHD,AllAge,1.61800593,0.03285039,0.394308988,8.706981973,-4738.372629,-4732.267187
458,power2,IHD,AllAge,1.360196498,0.072519801,0.384256034,5.928386365,-4760.617641,-4754.512199
459,power2,IHD,AllAge,1.098579059,0.071303803,0.517735768,8.789444662,-4741.513564,-4735.408121
460,power2,IHD,AllAge,1.722943286,0.044316381,0.358239425,7.891796676,-4719.33226,-4713.226818
461,power2,IHD,AllAge,1.153137393,0.039208976,0.650948304,7.476275814,-4708.324038,-4702.218596
462,power2,IHD,AllAge,1.600140269,0.055237381,0.331867433,6.644476868,-4733.777459,-4727.672017
463,power2,IHD,AllAge,1.584950642,0.077442486,0.299670306,6.189646864,-4755.310372,-4749.20493
464,power2,IHD,AllAge,1.280951542,0.040347976,0.665132063,6.891113647,-4755.412437,-4749.306995
465,power2,IHD,AllAge,1.524843442,0.044937091,0.374326892,7.956044111,-4764.516794,-4758.411351
466,power2,IHD,AllAge,1.27441463,0.05158269,0.590861064,6.237761598,-4751.167907,-4745.062465
467,power2,IHD,AllAge,1.140323575,0.054107454,0.624701889,7.938381641,-4723.918137,-4717.812695
468,power2,IHD,AllAge,1.24235547,0.025809313,0.996255985,7.282096378,-4739.942352,-4733.83691
469,power2,IHD,AllAge,1.132511959,0.05929579,0.511496895,5.880579793,-4735.522838,-4729.417396
470,power2,IHD,AllAge,1.476662259,0.066262782,0.352559379,7.854951101,-4756.857244,-4750.751802
471,power2,IHD,AllAge,1.392723516,0.061376567,0.35966062,7.907156988,-4793.378448,-4787.273006
472,power2,IHD,AllAge,1.650136548,0.084173008,0.301652722,6.461311094,-4736.810763,-4730.705321
473,power2,IHD,AllAge,2.628979972,0.034744712,0.311721196,8.569705467,-4709.977531,-4703.872089
474,power2,IHD,AllAge,1.219294461,0.056924119,0.533956145,7.594808503,-4751.262871,-4745.157429
475,power2,IHD,AllAge,1.251534673,0.064694293,0.530669594,6.262353606,-4734.732892,-4728.62745
476,power2,IHD,AllAge,1.48323202,0.051931075,0.345950698,8.20974011,-4789.699295,-4783.593853
477,power2,IHD,AllAge,1.176112605,0.057930387,0.5870872,7.349670006,-4805.32626,-4799.220818
478,power2,IHD,AllAge,1.370466903,0.047576671,0.403840635,8.168766885,-4761.02384,-4754.918397
479,power2,IHD,AllAge,1.170182578,0.010174025,1.308583246,6.976310909,-4742.959764,-4736.854322
480,power2,IHD,AllAge,1.182611911,0.022883659,0.840887457,7.991905351,-4736.869567,-4730.764125
481,power2,IHD,AllAge,1.549147614,0.039761028,0.397914076,8.167383303,-4806.710837,-4800.605395
482,power2,IHD,AllAge,1.577535957,0.076846541,0.3003596,6.514266539,-4738.050688,-4731.945246
483,power2,IHD,AllAge,2.476668173,0.045358446,0.279243274,8.106075223,-4704.247329,-4698.141887
484,power2,IHD,AllAge,1.40549458,0.041098357,0.414864058,6.751603009,-4773.917784,-4767.812342
485,power2,IHD,AllAge,1.205839634,0.027680044,0.839152095,5.908670016,-4718.698949,-4712.593507
486,power2,IHD,AllAge,1.349426132,0.068753083,0.372427847,8.640492858,-4757.678617,-4751.573175
487,power2,IHD,AllAge,1.192740928,0.035946514,0.647481045,8.361613842,-4752.951446,-4746.846004
488,power2,IHD,AllAge,1.252580053,0.043415514,0.529357875,8.267921777,-4751.407643,-4745.302201
489,power2,IHD,AllAge,1.543531059,0.038785593,0.393073788,7.765354408,-4748.606878,-4742.501436
490,power2,IHD,AllAge,2.429458822,0.0319491,0.322831664,7.015591059,-4736.021562,-4729.91612
491,power2,IHD,AllAge,4.455594472,0.028787906,0.25449044,7.226774136,-4765.747597,-4759.642155
492,power2,IHD,AllAge,1.595117774,0.042866523,0.364497505,8.707656907,-4757.531344,-4751.425902
493,power2,IHD,AllAge,2.263955099,0.043028008,0.301210736,7.422972759,-4772.857292,-4766.75185
494,power2,IHD,AllAge,1.261328621,0.105564468,0.362981794,6.00808185,-4724.778317,-4718.672875
495,power2,IHD,AllAge,1.614305408,0.053341947,0.34216228,7.948403179,-4767.882975,-4761.777533
496,power2,IHD,AllAge,1.298625777,0.067655761,0.389892776,8.73593963,-4731.554045,-4725.448603
497,power2,IHD,AllAge,1.718696587,0.034003994,0.379295411,7.271468794,-4735.925441,-4729.819999
498,power2,IHD,AllAge,1.326385903,0.068917794,0.533214668,6.681040149,-4738.282896,-4732.177454
499,power2,IHD,AllAge,1.608071033,0.074802541,0.309626953,6.234039887,-4712.98929,-4706.883848
500,power2,IHD,AllAge,1.637992231,0.056615303,0.345263353,8.436065223,-4803.360747,-4797.255305
501,power2,IHD,AllAge,1.329578633,0.085810959,0.34330076,5.818576391,-4731.817513,-4725.712071
502,power2,IHD,AllAge,1.612303206,0.06120291,0.352025764,6.616968681,-4706.462825,-4700.357383
503,power2,IHD,AllAge,1.27282225,0.092485097,0.356768974,6.001287458,-4741.883983,-4735.778541
504,power2,IHD,AllAge,1.23126081,0.031618954,0.832060587,7.702329293,-4710.632081,-4704.526639
505,power2,IHD,AllAge,4.767613098,0.03295803,0.227916193,6.102379047,-4724.360066,-4718.254624
506,power2,IHD,AllAge,1.433491899,0.068326772,0.371316214,6.072531663,-4798.498547,-4792.393105
507,power2,IHD,AllAge,1.965912897,0.044355878,0.318910484,8.579980466,-4770.282936,-4764.177494
508,power2,IHD,AllAge,1.196506273,0.023890409,0.97177757,7.444152511,-4759.905326,-4753.799884
509,power2,IHD,AllAge,1.965878542,0.065096096,0.287605951,6.493456967,-4739.8187,-4733.713258
510,power2,IHD,AllAge,1.257613941,0.049422036,0.603939685,7.088549748,-4730.019768,-4723.914326
511,power2,IHD,AllAge,1.732938501,0.060138183,0.298356326,7.72718984,-4719.219701,-4713.114259
512,power2,IHD,AllAge,1.620762441,0.049760573,0.34637636,7.015941828,-4699.678767,-4693.573324
513,power2,IHD,AllAge,1.200489907,0.078404803,0.397303048,6.411290201,-4763.921705,-4757.816263
514,power2,IHD,AllAge,1.854052663,0.039042652,0.335138986,8.006312844,-4735.724281,-4729.618838
515,power2,IHD,AllAge,1.298362932,0.072823664,0.425866002,7.450151416,-4714.953683,-4708.848241
516,power2,IHD,AllAge,2.015373586,0.046149839,0.308676796,8.705728257,-4792.234147,-4786.128705
517,power2,IHD,AllAge,1.550325068,0.050595729,0.376175656,8.045104369,-4748.240095,-4742.134653
518,power2,IHD,AllAge,1.287945801,0.078947081,0.397234565,8.770750609,-4715.722883,-4709.617441
519,power2,IHD,AllAge,1.208442265,0.034490438,0.51148119,8.359179902,-4742.75214,-4736.646698
520,power2,IHD,AllAge,1.317315999,0.010853828,1.212362601,8.262048791,-4799.740242,-4793.6348
521,power2,IHD,AllAge,1.436654933,0.068563101,0.359197896,7.673437082,-4774.987605,-4768.882163
522,power2,IHD,AllAge,1.380516177,0.08324419,0.355812569,6.555391368,-4743.997208,-4737.891766
523,power2,IHD,AllAge,2.007634404,0.033742473,0.352150413,7.34274086,-4761.789637,-4755.684195
524,power2,IHD,AllAge,1.408484407,0.041467034,0.413527061,8.769575794,-4757.184818,-4751.079376
525,power2,IHD,AllAge,1.2850539,0.018043692,0.929391325,7.273797147,-4756.635,-4750.529557
526,power2,IHD,AllAge,1.244373076,0.03790617,0.699740687,6.53554834,-4746.09595,-4739.990508
527,power2,IHD,AllAge,1.392818162,0.058783395,0.381544657,8.274317719,-4746.887753,-4740.782311
528,power2,IHD,AllAge,1.325225373,0.049761281,0.46492182,8.372156271,-4755.637059,-4749.531617
529,power2,IHD,AllAge,1.709718973,0.047823102,0.334300709,8.039414885,-4812.061795,-4805.956353
530,power2,IHD,AllAge,1.160447839,0.015715926,0.933403462,8.770315531,-4726.166795,-4720.061353
531,power2,IHD,AllAge,1.660204567,0.068191537,0.301281502,7.591451352,-4782.095055,-4775.989613
532,power2,IHD,AllAge,2.298635969,0.050838402,0.28750173,6.453839578,-4703.963187,-4697.857745
533,power2,IHD,AllAge,1.225189872,0.0213057,0.918683732,8.230358934,-4794.137193,-4788.031751
534,power2,IHD,AllAge,1.312619953,0.050082301,0.425930619,6.096858511,-4706.334607,-4700.229165
535,power2,IHD,AllAge,1.553820079,0.043925473,0.381026198,6.683292809,-4749.097687,-4742.992245
536,power2,IHD,AllAge,1.377839327,0.050656786,0.397627706,6.49808425,-4731.062932,-4724.95749
537,power2,IHD,AllAge,1.170167115,0.017068167,1.050206306,7.488978085,-4737.642269,-4731.536827
538,power2,IHD,AllAge,1.383951504,0.064190932,0.37135828,8.791931298,-4807.646535,-4801.541093
539,power2,IHD,AllAge,1.735834274,0.053624616,0.320689659,7.617830949,-4741.915413,-4735.809971
540,power2,IHD,AllAge,2.190957007,0.041173542,0.322977978,7.129471106,-4735.601952,-4729.49651
541,power2,IHD,AllAge,1.231047479,0.042863754,0.584023805,8.320368896,-4723.251701,-4717.146259
542,power2,IHD,AllAge,1.24632958,0.041420969,0.639118051,7.692620331,-4717.288277,-4711.182835
543,power2,IHD,AllAge,1.381088356,0.077235326,0.35971411,6.860657976,-4706.29609,-4700.190648
544,power2,IHD,AllAge,1.205717792,0.038976064,0.744719236,6.365343515,-4743.690784,-4737.585342
545,power2,IHD,AllAge,1.961072352,0.049645363,0.303723984,5.924423465,-4718.001816,-4711.896373
546,power2,IHD,AllAge,1.582923651,0.040444084,0.374922662,8.201707546,-4773.13881,-4767.033368
547,power2,IHD,AllAge,1.35794727,0.070894792,0.389159596,8.254650343,-4740.510552,-4734.40511
548,power2,IHD,AllAge,1.298191356,0.043663751,0.556789864,8.491852801,-4716.603729,-4710.498287
549,power2,IHD,AllAge,2.016255702,0.042748233,0.321694596,6.49763213,-4740.831618,-4734.726176
550,power2,IHD,AllAge,1.738134613,0.048568045,0.351630491,5.855020435,-4742.155981,-4736.050539
551,power2,IHD,AllAge,2.752978535,0.040384764,0.278173644,8.297021041,-4743.861735,-4737.756293
552,power2,IHD,AllAge,1.105518812,0.048053558,0.754028778,6.300929252,-4741.015045,-4734.909603
553,power2,IHD,AllAge,1.172822475,0.028049968,0.787119016,6.854463431,-4735.112202,-4729.00676
554,power2,IHD,AllAge,1.504392772,0.067751371,0.34573513,8.725612168,-4777.156932,-4771.05149
555,power2,IHD,AllAge,1.258418109,0.056331132,0.5909018,5.826984304,-4742.991156,-4736.885714
556,power2,IHD,AllAge,1.291099023,0.017672054,0.976945041,8.588811437,-4776.978,-4770.872558
557,power2,IHD,AllAge,1.171791183,0.020163372,0.770235574,8.696982431,-4798.754572,-4792.64913
558,power2,IHD,AllAge,1.597439038,0.037316708,0.386471178,8.152256015,-4768.608485,-4762.503043
559,power2,IHD,AllAge,1.760133222,0.0415888,0.356735291,7.383619957,-4775.710615,-4769.605173
560,power2,IHD,AllAge,1.244460177,0.017986592,0.985255646,6.864593771,-4781.201557,-4775.096115
561,power2,IHD,AllAge,1.272193528,0.036148176,0.730403971,6.321435228,-4684.39639,-4678.290948
562,power2,IHD,AllAge,1.332948549,0.050241274,0.410384593,8.168773509,-4735.931809,-4729.826366
563,power2,IHD,AllAge,2.523675009,0.043530398,0.279974715,6.163053236,-4771.368234,-4765.262792
564,power2,IHD,AllAge,2.195339519,0.025276397,0.375041231,8.18848127,-4749.013019,-4742.907577
565,power2,IHD,AllAge,1.227131385,0.014312662,1.167568625,8.110837726,-4692.849766,-4686.744324
566,power2,IHD,AllAge,1.173817388,0.033580007,0.763034562,7.36935633,-4740.605235,-4734.499792
567,power2,IHD,AllAge,1.290417742,0.061126114,0.566670434,6.820136444,-4777.576761,-4771.471319
568,power2,IHD,AllAge,2.183089086,0.040467267,0.31259512,8.213000965,-4741.2496,-4735.144158
569,power2,IHD,AllAge,1.160363922,0.032692021,0.873011249,7.396708256,-4727.428356,-4721.322913
570,power2,IHD,AllAge,1.251565657,0.052645004,0.461771405,7.299319184,-4737.843351,-4731.737908
571,power2,IHD,AllAge,1.236661254,0.085677985,0.363055597,6.054290158,-4767.372831,-4761.267389
572,power2,IHD,AllAge,1.452446752,0.051229408,0.384767153,7.76094436,-4771.940006,-4765.834564
573,power2,IHD,AllAge,1.635598815,0.049552193,0.330403054,8.230424218,-4794.844564,-4788.739122
574,power2,IHD,AllAge,2.167076609,0.033886822,0.336939699,7.714000758,-4784.190724,-4778.085282
575,power2,IHD,AllAge,3.580807984,0.029155867,0.275735668,8.693049369,-4775.810701,-4769.705259
576,power2,IHD,AllAge,1.863810032,0.045929938,0.322451777,5.879746222,-4761.815541,-4755.710098
577,power2,IHD,AllAge,1.867567026,0.057620552,0.320851867,8.468344764,-4738.297299,-4732.191857
578,power2,IHD,AllAge,1.190408254,0.071841601,0.407579018,5.999505323,-4743.671299,-4737.565857
579,power2,IHD,AllAge,1.149451601,0.06260484,0.512502862,7.81875606,-4790.371441,-4784.265999
580,power2,IHD,AllAge,1.341306233,0.025024958,0.56258525,8.067090081,-4744.464439,-4738.358997
581,power2,IHD,AllAge,1.360745253,0.051218527,0.398147855,7.475750215,-4737.77944,-4731.673998
582,power2,IHD,AllAge,1.472613684,0.049319555,0.374392385,7.572338036,-4737.648041,-4731.542599
583,power2,IHD,AllAge,1.405252464,0.068526144,0.386939775,6.49206646,-4768.119762,-4762.014319
584,power2,IHD,AllAge,2.155833092,0.049052457,0.298726546,6.155670068,-4738.223553,-4732.118111
585,power2,IHD,AllAge,2.055595299,0.057044278,0.298324086,7.721127505,-4733.316148,-4727.210706
586,power2,IHD,AllAge,1.36750194,0.044483325,0.418820489,7.150907812,-4763.733449,-4757.628006
587,power2,IHD,AllAge,2.263151553,0.043223304,0.312770281,6.904923957,-4740.513631,-4734.408189
588,power2,IHD,AllAge,1.177350713,0.07149705,0.446895292,6.428222645,-4715.261117,-4709.155674
589,power2,IHD,AllAge,1.834672166,0.043069841,0.339057328,8.332730643,-4738.23806,-4732.132618
590,power2,IHD,AllAge,1.614438575,0.059076283,0.319683017,7.632281929,-4712.596456,-4706.491014
591,power2,IHD,AllAge,1.26898748,0.014813437,0.904140876,8.537709454,-4738.072717,-4731.967275
592,power2,IHD,AllAge,1.146630772,0.031225402,0.798260384,8.678753176,-4730.985921,-4724.880479
593,power2,IHD,AllAge,1.5767482,0.06863123,0.320707628,8.36536311,-4730.347568,-4724.242126
594,power2,IHD,AllAge,1.582774613,0.063772984,0.315486115,7.744015531,-4720.48758,-4714.382138
595,power2,IHD,AllAge,1.245041316,0.014543588,1.072544132,7.072024924,-4703.862553,-4697.757111
596,power2,IHD,AllAge,1.378847929,0.061921538,0.357253387,7.522097425,-4711.967267,-4705.861825
597,power2,IHD,AllAge,1.758478878,0.053534232,0.312330288,6.920404436,-4717.28503,-4711.179588
598,power2,IHD,AllAge,4.740634585,0.02483018,0.264142836,8.23514224,-4766.055739,-4759.950297
599,power2,IHD,AllAge,1.367573324,0.0614743,0.384214985,6.866150191,-4743.839581,-4737.734139
600,power2,IHD,AllAge,1.307517476,0.049778763,0.42597345,8.324239243,-4765.327984,-4759.222542
601,power2,IHD,AllAge,2.012693194,0.030649826,0.36669419,8.689211837,-4831.832118,-4825.726676
602,power2,IHD,AllAge,1.430729387,0.058054169,0.361346781,7.223049057,-4742.42289,-4736.317448
603,power2,IHD,AllAge,3.128954608,0.024942071,0.318890012,6.649417638,-4776.82323,-4770.717788
604,power2,IHD,AllAge,1.45369774,0.037109987,0.40389922,8.25678908,-4723.0634,-4716.957957
605,power2,IHD,AllAge,1.367021456,0.061782568,0.412943615,6.334626742,-4769.856801,-4763.751359
606,power2,IHD,AllAge,1.727995654,0.047316782,0.358378573,7.695791689,-4724.02591,-4717.920468
607,power2,IHD,AllAge,1.897115769,0.043871471,0.318785224,6.802451703,-4812.507362,-4806.40192
608,power2,IHD,AllAge,1.627426339,0.056270199,0.346861052,6.907459397,-4742.025956,-4735.920514
609,power2,IHD,AllAge,1.457959578,0.061286043,0.358084108,6.733270395,-4747.59348,-4741.488038
610,power2,IHD,AllAge,1.441445461,0.044878292,0.415307061,6.983521576,-4736.262495,-4730.157053
611,power2,IHD,AllAge,1.812778819,0.059133718,0.32947529,8.276388095,-4743.952725,-4737.847283
612,power2,IHD,AllAge,1.459561545,0.063022579,0.353674078,7.469521509,-4796.309012,-4790.20357
613,power2,IHD,AllAge,1.310787065,0.054002963,0.40691332,8.710344773,-4741.066776,-4734.961334
614,power2,IHD,AllAge,2.563530877,0.042527848,0.287111659,8.525700529,-4777.354593,-4771.24915
615,power2,IHD,AllAge,4.254571906,0.023269796,0.274222417,7.432737877,-4752.743833,-4746.638391
616,power2,IHD,AllAge,1.184753195,0.019470902,0.998229704,8.310523957,-4787.62381,-4781.518368
617,power2,IHD,AllAge,1.764563982,0.051994946,0.309003988,6.594934657,-4773.937153,-4767.831711
618,power2,IHD,AllAge,1.190234404,0.04056352,0.684079521,8.75744053,-4819.90787,-4813.802428
619,power2,IHD,AllAge,1.452615533,0.034042915,0.445796647,6.847620832,-4757.473318,-4751.367876
620,power2,IHD,AllAge,1.150000874,0.090397969,0.422079646,6.51596154,-4719.499061,-4713.393619
621,power2,IHD,AllAge,3.789042214,0.02997203,0.271476699,6.981329313,-4705.03528,-4698.929838
622,power2,IHD,AllAge,1.307687128,0.094978807,0.333090686,6.318886012,-4765.815583,-4759.710141
623,power2,IHD,AllAge,1.531124586,0.050951752,0.346514285,8.140116094,-4766.380246,-4760.274804
624,power2,IHD,AllAge,1.556507197,0.049624893,0.373364997,8.508548689,-4750.71591,-4744.610468
625,power2,IHD,AllAge,1.37383294,0.063610473,0.381411365,7.946080116,-4722.888236,-4716.782794
626,power2,IHD,AllAge,1.230733784,0.045490575,0.625889791,8.11246577,-4730.345866,-4724.240424
627,power2,IHD,AllAge,1.702736501,0.040691773,0.364737531,8.695637531,-4768.430859,-4762.325417
628,power2,IHD,AllAge,1.256695445,0.010794514,1.213678101,6.835793592,-4730.129147,-4724.023705
629,power2,IHD,AllAge,1.471446907,0.064278201,0.355615824,7.197105161,-4763.730762,-4757.62532
630,power2,IHD,AllAge,1.159494674,0.01489075,1.062270669,7.050809509,-4753.708828,-4747.603386
631,power2,IHD,AllAge,2.583585223,0.039457219,0.294252596,7.544166183,-4783.675915,-4777.570472
632,power2,IHD,AllAge,1.337217621,0.077056388,0.37798896,8.56270571,-4720.251953,-4714.146511
633,power2,IHD,AllAge,3.913030474,0.03888224,0.233744865,5.840574925,-4773.154117,-4767.048674
634,power2,IHD,AllAge,1.48232697,0.063917033,0.354403553,7.484815618,-4785.097355,-4778.991913
635,power2,IHD,AllAge,1.319070966,0.054991747,0.416002377,7.456094022,-4711.780103,-4705.674661
636,power2,IHD,AllAge,1.251886138,0.032044042,0.752802558,6.516171494,-4766.636468,-4760.531026
637,power2,IHD,AllAge,1.357441552,0.040362561,0.439961054,8.672274314,-4794.664562,-4788.55912
638,power2,IHD,AllAge,4.994335219,0.022771502,0.26195761,7.83155312,-4753.900873,-4747.795431
639,power2,IHD,AllAge,1.206210461,0.044007685,0.631385109,8.075260132,-4764.741874,-4758.636432
640,power2,IHD,AllAge,1.250468446,0.009887435,1.043850708,7.675457817,-4735.836849,-4729.731407
641,power2,IHD,AllAge,1.360631096,0.049096779,0.395458721,8.585924209,-4768.392938,-4762.287496
642,power2,IHD,AllAge,1.863555107,0.05676559,0.29319706,6.888953518,-4751.272304,-4745.166862
643,power2,IHD,AllAge,1.094963149,0.033926494,0.709091548,8.443322781,-4785.462561,-4779.357119
644,power2,IHD,AllAge,1.441773746,0.037601103,0.425049673,8.150952907,-4793.331347,-4787.225905
645,power2,IHD,AllAge,2.130785981,0.040428516,0.333233017,7.455813467,-4752.695567,-4746.590125
646,power2,IHD,AllAge,1.082277115,0.049411323,0.638417317,8.19141891,-4759.512109,-4753.406667
647,power2,IHD,AllAge,1.088951383,0.05088861,0.660335465,6.483091831,-4768.354777,-4762.249335
648,power2,IHD,AllAge,1.401847268,0.077049521,0.358576484,7.010841097,-4732.733494,-4726.628051
649,power2,IHD,AllAge,1.213650702,0.020295462,0.901335291,6.851218071,-4749.047742,-4742.9423
650,power2,IHD,AllAge,1.788902854,0.056237015,0.324531429,7.213700299,-4775.84307,-4769.737628
651,power2,IHD,AllAge,4.562730725,0.034723587,0.227781511,8.127599887,-4780.831616,-4774.726174
652,power2,IHD,AllAge,2.17227735,0.035759284,0.332770635,8.401834974,-4746.580171,-4740.474729
653,power2,IHD,AllAge,1.171280265,0.015939399,1.103974826,7.767381443,-4774.18876,-4768.083318
654,power2,IHD,AllAge,1.89900021,0.053847236,0.31575664,7.276566761,-4690.520293,-4684.414851
655,power2,IHD,AllAge,1.65422039,0.026346867,0.400597542,5.973691737,-4774.350005,-4768.244563
656,power2,IHD,AllAge,1.208164574,0.052422803,0.571974284,6.081073975,-4767.012166,-4760.906724
657,power2,IHD,AllAge,1.137367475,0.048952179,0.631799385,7.500264198,-4729.349482,-4723.24404
658,power2,IHD,AllAge,1.311579202,0.012667044,0.992393598,8.428542727,-4734.396353,-4728.290911
659,power2,IHD,AllAge,1.14360302,0.052400078,0.637068697,8.023937533,-4763.251039,-4757.145597
660,power2,IHD,AllAge,1.293850669,0.076202657,0.365648776,6.955124014,-4767.69349,-4761.588048
661,power2,IHD,AllAge,1.190036808,0.054807363,0.509687641,8.768383336,-4762.121802,-4756.01636
662,power2,IHD,AllAge,1.910314433,0.051147523,0.317701211,7.839924735,-4739.181063,-4733.075621
663,power2,IHD,AllAge,2.568571241,0.052247998,0.262337639,6.410434788,-4736.383235,-4730.277793
664,power2,IHD,AllAge,1.310375639,0.038836835,0.558593761,8.517507054,-4767.025396,-4760.919953
665,power2,IHD,AllAge,1.587013574,0.031407641,0.405782909,8.461032711,-4741.730635,-4735.625192
666,power2,IHD,AllAge,1.744490405,0.05336223,0.317513921,7.861288293,-4759.288813,-4753.183371
667,power2,IHD,AllAge,1.283513907,0.064427426,0.416129119,7.530904893,-4758.544134,-4752.438692
668,power2,IHD,AllAge,1.335780744,0.040886479,0.477768655,7.98917675,-4724.361556,-4718.256114
669,power2,IHD,AllAge,1.212335706,0.032774045,0.759628956,8.61929961,-4767.469495,-4761.364053
670,power2,IHD,AllAge,4.629625204,0.031698625,0.23610753,5.837606939,-4703.521301,-4697.415859
671,power2,IHD,AllAge,1.176956859,0.030518593,0.73306817,7.597382172,-4773.391002,-4767.28556
672,power2,IHD,AllAge,1.958897268,0.049099747,0.299969983,8.382354756,-4710.211368,-4704.105926
673,power2,IHD,AllAge,1.359889409,0.068676501,0.370672158,7.522022744,-4786.767221,-4780.661779
674,power2,IHD,AllAge,1.373158005,0.086580785,0.347499421,8.288948316,-4761.406787,-4755.301345
675,power2,IHD,AllAge,1.473245083,0.037663067,0.396581626,8.393513122,-4735.251674,-4729.146232
676,power2,IHD,AllAge,1.162431746,0.007393659,1.075754442,8.301866679,-4741.264591,-4735.159149
677,power2,IHD,AllAge,1.493293136,0.058314856,0.342193368,8.749562317,-4758.317043,-4752.211601
678,power2,IHD,AllAge,1.969158313,0.052140791,0.318196184,7.349877678,-4750.549611,-4744.444169
679,power2,IHD,AllAge,1.323277419,0.08057373,0.382210692,7.605765979,-4738.773445,-4732.668003
680,power2,IHD,AllAge,1.501853191,0.064359815,0.335374749,6.510533056,-4763.074249,-4756.968807
681,power2,IHD,AllAge,2.266307249,0.032640001,0.330492438,6.985231287,-4734.848035,-4728.742593
682,power2,IHD,AllAge,1.465449648,0.022887358,0.472356729,8.189000756,-4726.79803,-4720.692588
683,power2,IHD,AllAge,1.376007376,0.055536461,0.393052746,8.603071058,-4781.233498,-4775.128056
684,power2,IHD,AllAge,1.533390398,0.043637614,0.357112833,7.595492795,-4789.096611,-4782.991169
685,power2,IHD,AllAge,1.193228916,0.038413281,0.73450883,8.69737485,-4756.602225,-4750.496783
686,power2,IHD,AllAge,1.623935038,0.044207033,0.361448331,7.140827541,-4723.527549,-4717.422106
687,power2,IHD,AllAge,1.419721391,0.065236708,0.364844101,8.634165747,-4743.768151,-4737.662709
688,power2,IHD,AllAge,2.996860412,0.04085254,0.257100672,7.415239067,-4768.292509,-4762.187067
689,power2,IHD,AllAge,1.202218976,0.022675677,0.809894194,7.01481866,-4758.309926,-4752.204484
690,power2,IHD,AllAge,1.255854283,0.048781516,0.585339891,7.412944018,-4710.148004,-4704.042562
691,power2,IHD,AllAge,1.171261198,0.047627592,0.709805636,5.841740036,-4739.592132,-4733.48669
692,power2,IHD,AllAge,1.581764051,0.051322918,0.356842131,6.056439621,-4749.317695,-4743.212252
693,power2,IHD,AllAge,1.75972062,0.055029156,0.320904174,7.343255041,-4729.445111,-4723.339669
694,power2,IHD,AllAge,1.141921596,0.009797458,1.210258564,7.111085242,-4700.932555,-4694.827113
695,power2,IHD,AllAge,1.208608762,0.016579662,1.083067325,7.952829667,-4771.993977,-4765.888535
696,power2,IHD,AllAge,1.741380586,0.055692024,0.323961226,8.097946391,-4737.034061,-4730.928619
697,power2,IHD,AllAge,1.41304684,0.073239632,0.3496502,6.168303458,-4716.319694,-4710.214252
698,power2,IHD,AllAge,2.458531001,0.070441954,0.252472125,5.957705734,-4712.901852,-4706.79641
699,power2,IHD,AllAge,1.32968263,0.072053623,0.384527875,7.383485793,-4706.719621,-4700.614179
700,power2,IHD,AllAge,2.050258599,0.053544844,0.296754756,5.974384414,-4766.649422,-4760.54398
701,power2,IHD,AllAge,1.678733483,0.050327209,0.333033568,7.001220641,-4751.498069,-4745.392627
702,power2,IHD,AllAge,1.608865395,0.048453891,0.361265295,8.31268806,-4744.750854,-4738.645412
703,power2,IHD,AllAge,2.813620685,0.045558169,0.271654871,6.758617248,-4726.757382,-4720.65194
704,power2,IHD,AllAge,1.331507356,0.059768449,0.363670226,8.695340907,-4733.604534,-4727.499092
705,power2,IHD,AllAge,1.2817494,0.069194866,0.388528614,6.02475149,-4724.660129,-4718.554687
706,power2,IHD,AllAge,1.951346012,0.051164048,0.312633218,6.662790159,-4799.076976,-4792.971534
707,power2,IHD,AllAge,1.801225029,0.065699447,0.30914529,7.590910521,-4765.866151,-4759.760709
708,power2,IHD,AllAge,2.704926425,0.037455066,0.299970183,7.587152409,-4746.672006,-4740.566564
709,power2,IHD,AllAge,1.212917542,0.023166102,0.824594795,8.785428618,-4813.404313,-4807.29887
710,power2,IHD,AllAge,2.737721886,0.035247407,0.305753851,8.336556341,-4710.646903,-4704.541461
711,power2,IHD,AllAge,1.93151595,0.03784517,0.326787191,7.405260012,-4759.230573,-4753.125131
712,power2,IHD,AllAge,1.263953118,0.04718047,0.663268101,7.291511001,-4677.974285,-4671.868843
713,power2,IHD,AllAge,1.71645792,0.054443355,0.323791696,7.485128225,-4750.650117,-4744.544675
714,power2,IHD,AllAge,1.281752963,0.033770708,0.7817312,7.589008454,-4712.774499,-4706.669057
715,power2,IHD,AllAge,1.482621196,0.069671937,0.323106726,8.176236014,-4768.518313,-4762.412871
716,power2,IHD,AllAge,2.286866899,0.052527359,0.287174421,6.415622054,-4748.919764,-4742.814322
717,power2,IHD,AllAge,1.192455302,0.030594774,0.817525777,7.222209567,-4743.957298,-4737.851856
718,power2,IHD,AllAge,1.760208423,0.049006505,0.345075259,7.711131619,-4758.308541,-4752.203099
719,power2,IHD,AllAge,1.988529318,0.037584611,0.350327191,7.541214853,-4785.167042,-4779.0616
720,power2,IHD,AllAge,2.412828009,0.048597217,0.277867554,7.007302544,-4728.336632,-4722.23119
721,power2,IHD,AllAge,1.232164887,0.055355544,0.588567311,6.768011327,-4725.727561,-4719.622119
722,power2,IHD,AllAge,1.265273179,0.068554884,0.43214233,8.702523706,-4759.73169,-4753.626248
723,power2,IHD,AllAge,1.344751691,0.078192381,0.351144219,8.453857137,-4768.174644,-4762.069202
724,power2,IHD,AllAge,1.469364974,0.062777348,0.345137564,6.949777036,-4773.167287,-4767.061845
725,power2,IHD,AllAge,1.262723419,0.038514458,0.690034011,6.737545826,-4759.564489,-4753.459047
726,power2,IHD,AllAge,1.229744026,0.074137341,0.39460636,6.13525107,-4696.568088,-4690.462646
727,power2,IHD,AllAge,1.217950152,0.018944663,1.010018485,5.907995872,-4698.772635,-4692.667193
728,power2,IHD,AllAge,1.266769338,0.040765055,0.736614882,7.537401399,-4756.813322,-4750.70788
729,power2,IHD,AllAge,1.187870402,0.047237761,0.63089821,6.849443963,-4753.094567,-4746.989125
730,power2,IHD,AllAge,1.242438743,0.047246234,0.461008308,5.890308885,-4729.182353,-4723.076911
731,power2,IHD,AllAge,1.636686698,0.0256867,0.429906833,8.342033151,-4769.430399,-4763.324957
732,power2,IHD,AllAge,3.466665922,0.029365964,0.287578836,7.293045873,-4739.861837,-4733.756395
733,power2,IHD,AllAge,1.431106882,0.040860543,0.408632976,7.483862997,-4721.020686,-4714.915244
734,power2,IHD,AllAge,1.408788315,0.072051785,0.348720222,7.373268306,-4744.374575,-4738.269133
735,power2,IHD,AllAge,1.160923966,0.036080949,0.627026745,7.926487515,-4725.323202,-4719.21776
736,power2,IHD,AllAge,2.579817859,0.039141484,0.292439423,7.557033966,-4746.943822,-4740.83838
737,power2,IHD,AllAge,1.249912127,0.104249497,0.393602539,7.010915816,-4772.251423,-4766.145981
738,power2,IHD,AllAge,1.144713208,0.062269818,0.592757224,6.923480912,-4738.44603,-4732.340588
739,power2,IHD,AllAge,1.25725395,0.076860781,0.413952951,7.391871544,-4729.532941,-4723.427499
740,power2,IHD,AllAge,1.22105006,0.021364487,0.784823463,8.237503635,-4766.649993,-4760.544551
741,power2,IHD,AllAge,1.952143286,0.036993187,0.338416556,7.512183042,-4747.588759,-4741.483317
742,power2,IHD,AllAge,2.074720145,0.037271726,0.332392731,6.156113939,-4766.407232,-4760.301789
743,power2,IHD,AllAge,1.483675664,0.078689828,0.341922637,8.260257598,-4728.335654,-4722.230212
744,power2,IHD,AllAge,1.775520601,0.070892759,0.289598103,7.059161494,-4784.895648,-4778.790206
745,power2,IHD,AllAge,1.657233005,0.050032773,0.347480502,8.742476393,-4800.192487,-4794.087045
746,power2,IHD,AllAge,1.254886722,0.072160494,0.394903328,8.026963831,-4765.407057,-4759.301614
747,power2,IHD,AllAge,1.365549653,0.044636413,0.393593766,8.370085203,-4804.797203,-4798.691761
748,power2,IHD,AllAge,1.452310104,0.071186689,0.353332515,5.845004881,-4712.148271,-4706.042829
749,power2,IHD,AllAge,1.481858623,0.055313661,0.366829829,7.524381163,-4752.490429,-4746.384987
750,power2,IHD,AllAge,1.383926983,0.059472564,0.379483129,5.995101726,-4725.980131,-4719.874689
751,power2,IHD,AllAge,1.148704787,0.039433822,0.666970066,7.911805294,-4750.593445,-4744.488003
752,power2,IHD,AllAge,1.343405618,0.076321601,0.372103476,8.106546727,-4767.499894,-4761.394452
753,power2,IHD,AllAge,1.279992722,0.060380005,0.411487596,8.72646283,-4806.584502,-4800.479059
754,power2,IHD,AllAge,1.251670602,0.015607062,1.030298704,6.413236839,-4751.34545,-4745.240008
755,power2,IHD,AllAge,1.188832504,0.02779759,0.822034875,8.235229644,-4723.080224,-4716.974782
756,power2,IHD,AllAge,1.390098326,0.035919554,0.451224765,8.314656584,-4753.237362,-4747.13192
757,power2,IHD,AllAge,2.154406153,0.051034777,0.288618317,5.918152669,-4775.453814,-4769.348372
758,power2,IHD,AllAge,1.239472428,0.011148407,1.144341157,8.366089543,-4755.351239,-4749.245797
759,power2,IHD,AllAge,1.546228826,0.051339688,0.368958758,6.647142181,-4726.176166,-4720.070724
760,power2,IHD,AllAge,1.246560559,0.041932763,0.651163313,8.133861543,-4770.783538,-4764.678095
761,power2,IHD,AllAge,1.16976212,0.04419291,0.644236996,6.488990565,-4755.716231,-4749.610789
762,power2,IHD,AllAge,1.447693367,0.074298841,0.364529862,8.114487684,-4724.217738,-4718.112296
763,power2,IHD,AllAge,2.187317128,0.040304743,0.320766848,7.252552131,-4748.30726,-4742.201818
764,power2,IHD,AllAge,1.313257629,0.058476861,0.417585827,8.174564328,-4752.500135,-4746.394693
765,power2,IHD,AllAge,1.235129917,0.054683684,0.618958301,6.301000065,-4731.643418,-4725.537976
766,power2,IHD,AllAge,1.562556182,0.055942324,0.341510728,7.014061416,-4778.243823,-4772.138381
767,power2,IHD,AllAge,1.741165701,0.041986744,0.351411684,5.82418895,-4729.859203,-4723.753761
768,power2,IHD,AllAge,1.527396637,0.047652485,0.379722819,8.145388317,-4798.047187,-4791.941745
769,power2,IHD,AllAge,1.257414785,0.055690289,0.464627596,8.470750207,-4752.808615,-4746.703173
770,power2,IHD,AllAge,1.370110107,0.071816486,0.348570577,6.684937525,-4702.620562,-4696.51512
771,power2,IHD,AllAge,1.058041425,0.020624803,0.880410973,7.539232167,-4729.272255,-4723.166813
772,power2,IHD,AllAge,1.309461537,0.078177845,0.380470059,7.380372029,-4776.586133,-4770.480691
773,power2,IHD,AllAge,1.189055926,0.019169598,0.915330992,8.53804018,-4770.819226,-4764.713783
774,power2,IHD,AllAge,1.248104566,0.043257921,0.771925411,7.004531861,-4750.476166,-4744.370724
775,power2,IHD,AllAge,1.303917327,0.025219991,0.917098614,6.636545389,-4712.923681,-4706.818239
776,power2,IHD,AllAge,1.268525912,0.02495229,0.833802596,7.809317616,-4759.372023,-4753.266581
777,power2,IHD,AllAge,1.203503936,0.058900808,0.584508319,7.885854174,-4719.098157,-4712.992715
778,power2,IHD,AllAge,1.430627536,0.047170626,0.388000171,7.865068774,-4796.81879,-4790.713348
779,power2,IHD,AllAge,1.896582979,0.042362025,0.340020147,8.319846864,-4801.456177,-4795.350735
780,power2,IHD,AllAge,1.483010698,0.07555138,0.321261088,6.247982536,-4732.494819,-4726.389377
781,power2,IHD,AllAge,1.25113693,0.070879748,0.40203735,8.190192614,-4779.625536,-4773.520094
782,power2,IHD,AllAge,1.269744792,0.049491151,0.437066871,8.100497079,-4716.172098,-4710.066656
783,power2,IHD,AllAge,1.781312354,0.061351319,0.307900499,8.627852522,-4754.177664,-4748.072222
784,power2,IHD,AllAge,2.521093703,0.041034953,0.296236125,8.183545626,-4768.26217,-4762.156728
785,power2,IHD,AllAge,1.855135804,0.048325434,0.320989981,8.35354947,-4692.956917,-4686.851475
786,power2,IHD,AllAge,2.13493282,0.070720897,0.251103266,6.898334512,-4721.804285,-4715.698843
787,power2,IHD,AllAge,2.248847045,0.054623957,0.278700261,6.418253923,-4709.016027,-4702.910585
788,power2,IHD,AllAge,1.409766955,0.047918886,0.400229276,8.487277793,-4798.245227,-4792.139785
789,power2,IHD,AllAge,2.197219662,0.046744963,0.292447682,6.506577931,-4711.009816,-4704.904374
790,power2,IHD,AllAge,2.141402995,0.055756633,0.280430817,7.085805904,-4794.303597,-4788.198155
791,power2,IHD,AllAge,3.116419001,0.038521834,0.272395919,6.382943688,-4759.749445,-4753.644003
792,power2,IHD,AllAge,1.141220274,0.04951499,0.55939102,7.93281432,-4794.974495,-4788.869053
793,power2,IHD,AllAge,1.505099624,0.053384221,0.351635849,5.90837338,-4773.593281,-4767.487839
794,power2,IHD,AllAge,1.608408492,0.047410679,0.37546,7.237856181,-4760.140901,-4754.035459
795,power2,IHD,AllAge,1.575858459,0.073241838,0.316299697,7.824681315,-4748.363352,-4742.25791
796,power2,IHD,AllAge,1.270002578,0.02642883,0.858592339,7.155876217,-4753.040322,-4746.93488
797,power2,IHD,AllAge,1.258174756,0.015293695,1.015817785,7.485254218,-4751.55915,-4745.453708
798,power2,IHD,AllAge,1.187289518,0.020195986,1.058591668,8.725570955,-4734.013972,-4727.908529
799,power2,IHD,AllAge,1.163229571,0.044817905,0.58317004,7.096414547,-4763.526749,-4757.421307
800,power2,IHD,AllAge,1.286085855,0.059322093,0.416240108,7.816897568,-4791.001986,-4784.896544
801,power2,IHD,AllAge,1.27955776,0.084535758,0.344394539,8.300760405,-4752.395121,-4746.289679
802,power2,IHD,AllAge,1.433421704,0.046089288,0.371103331,6.663548108,-4771.626398,-4765.520956
803,power2,IHD,AllAge,1.586274012,0.039435743,0.388081314,8.131795875,-4787.718664,-4781.613222
804,power2,IHD,AllAge,1.132784422,0.043316903,0.668767012,6.67704256,-4763.859678,-4757.754236
805,power2,IHD,AllAge,4.47064615,0.021903796,0.284297802,6.224107231,-4736.772504,-4730.667062
806,power2,IHD,AllAge,1.168347483,0.084464283,0.414438391,6.716989937,-4730.571914,-4724.466472
807,power2,IHD,AllAge,2.875838223,0.035996344,0.283490952,7.244763811,-4751.190717,-4745.085275
808,power2,IHD,AllAge,1.346362091,0.06367239,0.521932886,7.961581139,-4730.574539,-4724.469097
809,power2,IHD,AllAge,1.532890855,0.041075976,0.407284875,8.552187141,-4763.862838,-4757.757396
810,power2,IHD,AllAge,1.890269799,0.063315469,0.295689897,6.881268364,-4735.486566,-4729.381123
811,power2,IHD,AllAge,1.553432341,0.034322391,0.40641155,8.76971051,-4759.971468,-4753.866026
812,power2,IHD,AllAge,2.087740162,0.040239531,0.341676279,8.516980249,-4801.312917,-4795.207475
813,power2,IHD,AllAge,1.56900662,0.033386946,0.408196646,8.473814555,-4730.349385,-4724.243943
814,power2,IHD,AllAge,2.023657374,0.053867084,0.309559871,7.655750326,-4772.23137,-4766.125928
815,power2,IHD,AllAge,1.256281257,0.053962609,0.447872466,8.461927393,-4833.24597,-4827.140528
816,power2,IHD,AllAge,1.462508173,0.070606772,0.337433307,6.8600264,-4729.419333,-4723.313891
817,power2,IHD,AllAge,1.239638892,0.085079325,0.363636905,6.921868848,-4772.023712,-4765.91827
818,power2,IHD,AllAge,1.309835305,0.087750911,0.360552094,6.787095977,-4801.735811,-4795.630369
819,power2,IHD,AllAge,3.955264587,0.028866776,0.257332665,7.317614544,-4728.123099,-4722.017657
820,power2,IHD,AllAge,2.430786005,0.060279858,0.256571063,7.389243131,-4709.173001,-4703.067559
821,power2,IHD,AllAge,3.536633304,0.036207926,0.254414756,6.113144541,-4722.624125,-4716.518683
822,power2,IHD,AllAge,1.198407884,0.058086165,0.560088099,6.878273942,-4772.633361,-4766.527919
823,power2,IHD,AllAge,1.34937814,0.077018281,0.376878532,6.897636637,-4763.849407,-4757.743965
824,power2,IHD,AllAge,1.163105654,0.039736023,0.654081409,8.064630794,-4782.775868,-4776.670426
825,power2,IHD,AllAge,2.891808788,0.032221913,0.300415061,7.419222211,-4751.436474,-4745.331032
826,power2,IHD,AllAge,2.285085902,0.06928182,0.243190955,6.22971981,-4784.807222,-4778.70178
827,power2,IHD,AllAge,1.449762319,0.048699457,0.389396358,8.250943203,-4764.814537,-4758.709095
828,power2,IHD,AllAge,2.260424299,0.05194482,0.282912971,6.628321475,-4763.061596,-4756.956154
829,power2,IHD,AllAge,6.242099054,0.020513338,0.250115132,6.639729389,-4724.465714,-4718.360272
830,power2,IHD,AllAge,1.258311152,0.097770684,0.360780126,5.883203423,-4715.781014,-4709.675572
831,power2,IHD,AllAge,1.08756928,0.019700657,1.002235543,7.642078441,-4766.226447,-4760.121005
832,power2,IHD,AllAge,1.536238709,0.054246118,0.346571083,6.979196318,-4735.968578,-4729.863135
833,power2,IHD,AllAge,1.243184461,0.042577543,0.726283558,6.378605304,-4733.183078,-4727.077636
834,power2,IHD,AllAge,1.194922875,0.103768961,0.392102119,6.280082394,-4727.703408,-4721.597966
835,power2,IHD,AllAge,2.030553452,0.051800158,0.299593927,7.894616271,-4748.492618,-4742.387176
836,power2,IHD,AllAge,1.652263799,0.031098414,0.402369437,7.63732811,-4793.573159,-4787.467717
837,power2,IHD,AllAge,2.226086747,0.049364404,0.294085512,6.843183557,-4711.003468,-4704.898026
838,power2,IHD,AllAge,1.748581408,0.05580717,0.321554377,7.728900023,-4752.610282,-4746.50484
839,power2,IHD,AllAge,1.892481068,0.036932903,0.354289248,6.828084609,-4760.820058,-4754.714616
840,power2,IHD,AllAge,1.280554484,0.081248117,0.339240114,6.125245983,-4760.082008,-4753.976566
841,power2,IHD,AllAge,1.331863779,0.057232678,0.399809964,7.373124603,-4770.254975,-4764.149533
842,power2,IHD,AllAge,1.700512487,0.054959606,0.326020497,6.331955982,-4721.953046,-4715.847604
843,power2,IHD,AllAge,1.273881106,0.052276357,0.431410801,5.919532984,-4744.669075,-4738.563632
844,power2,IHD,AllAge,1.263713038,0.023871109,0.795179136,7.767259428,-4744.565025,-4738.459583
845,power2,IHD,AllAge,3.51028333,0.036033623,0.261143583,7.707585879,-4720.379678,-4714.274236
846,power2,IHD,AllAge,1.578207686,0.07115375,0.309260976,8.258809776,-4784.00845,-4777.903008
847,power2,IHD,AllAge,1.598621999,0.037437826,0.396769685,6.372351794,-4788.885387,-4782.779945
848,power2,IHD,AllAge,1.260217465,0.075198002,0.422660584,6.122936512,-4734.43202,-4728.326577
849,power2,IHD,AllAge,1.375991392,0.061617113,0.359996127,7.789308616,-4752.943609,-4746.838167
850,power2,IHD,AllAge,1.205953262,0.042138113,0.714669871,8.566401978,-4705.142504,-4699.037062
851,power2,IHD,AllAge,1.483633397,0.034701598,0.421315379,7.214385567,-4765.394324,-4759.288881
852,power2,IHD,AllAge,2.775231657,0.03668622,0.290321164,6.14256913,-4781.727259,-4775.621816
853,power2,IHD,AllAge,1.154235184,0.042562047,0.685371453,7.220306627,-4709.405886,-4703.300444
854,power2,IHD,AllAge,1.801120488,0.049723781,0.325611145,7.037210016,-4784.172092,-4778.06665
855,power2,IHD,AllAge,1.227750835,0.032772518,0.751813272,7.395049442,-4773.868277,-4767.762835
856,power2,IHD,AllAge,1.512272994,0.049119337,0.377083555,7.460965624,-4771.70257,-4765.597128
857,power2,IHD,AllAge,1.114881301,0.011870421,1.171585839,8.797305488,-4746.449579,-4740.344137
858,power2,IHD,AllAge,2.348687524,0.036576001,0.314758889,8.727680555,-4779.730494,-4773.625052
859,power2,IHD,AllAge,1.098798882,0.0647853,0.642207538,5.907143472,-4737.293347,-4731.187905
860,power2,IHD,AllAge,1.173663424,0.014495266,1.100607182,6.528852193,-4716.364028,-4710.258586
861,power2,IHD,AllAge,1.294558848,0.04357054,0.449249417,6.809153523,-4720.605438,-4714.499996
862,power2,IHD,AllAge,1.471151797,0.03775377,0.442333648,8.753087457,-4747.996283,-4741.890841
863,power2,IHD,AllAge,1.316971132,0.070258189,0.410090998,7.188758224,-4747.258632,-4741.15319
864,power2,IHD,AllAge,1.931024157,0.054175657,0.303581775,6.652140481,-4758.407131,-4752.301689
865,power2,IHD,AllAge,1.399190183,0.07293734,0.344120567,6.54621852,-4717.192689,-4711.087247
866,power2,IHD,AllAge,2.21941057,0.025739206,0.36992943,7.808290282,-4770.243011,-4764.137569
867,power2,IHD,AllAge,1.602435926,0.048270555,0.370532074,8.743267689,-4782.135384,-4776.029942
868,power2,IHD,AllAge,1.413764169,0.050124704,0.376566561,7.113764285,-4783.215823,-4777.110381
869,power2,IHD,AllAge,9.52662679,0.016044134,0.237043487,7.205559304,-4745.411605,-4739.306162
870,power2,IHD,AllAge,1.467535035,0.065265535,0.339424454,6.98103528,-4708.434636,-4702.329194
871,power2,IHD,AllAge,1.64335707,0.071468271,0.316651394,6.864216647,-4744.162694,-4738.057252
872,power2,IHD,AllAge,1.280086565,0.051114376,0.431824255,7.896271939,-4786.647125,-4780.541683
873,power2,IHD,AllAge,1.698793295,0.042358142,0.355363553,8.243632786,-4780.241559,-4774.136117
874,power2,IHD,AllAge,1.825418362,0.042512667,0.341841702,7.527330124,-4771.890966,-4765.785524
875,power2,IHD,AllAge,1.154190494,0.023384578,0.965497875,6.118632672,-4746.40323,-4740.297788
876,power2,IHD,AllAge,1.569413438,0.051271267,0.350536014,6.582450401,-4769.290744,-4763.185302
877,power2,IHD,AllAge,1.342745433,0.064137293,0.368250687,7.033076777,-4738.294702,-4732.18926
878,power2,IHD,AllAge,1.181506825,0.029804309,0.816281712,7.86890384,-4715.410724,-4709.305282
879,power2,IHD,AllAge,1.254425196,0.033839767,0.703554733,7.709526019,-4739.954392,-4733.84895
880,power2,IHD,AllAge,1.200782154,0.046804391,0.726680517,7.396085764,-4795.382491,-4789.277048
881,power2,IHD,AllAge,1.487909188,0.051499434,0.356044825,8.51671386,-4746.679571,-4740.574129
882,power2,IHD,AllAge,1.547248117,0.079332641,0.340592406,6.347271452,-4771.090205,-4764.984762
883,power2,IHD,AllAge,1.718110015,0.060494928,0.336127859,5.989187348,-4739.488136,-4733.382694
884,power2,IHD,AllAge,1.502418975,0.049393816,0.391579215,8.538138969,-4787.384416,-4781.278974
885,power2,IHD,AllAge,1.426130529,0.055519965,0.395081743,5.842217534,-4729.350047,-4723.244605
886,power2,IHD,AllAge,1.739404072,0.038081958,0.365523648,8.384277932,-4783.299711,-4777.194269
887,power2,IHD,AllAge,3.394710464,0.031308832,0.275180194,8.116198012,-4707.32291,-4701.217468
888,power2,IHD,AllAge,1.447161183,0.039617278,0.404110606,8.54560755,-4828.651152,-4822.54571
889,power2,IHD,AllAge,2.055145737,0.037536297,0.335631761,8.053920539,-4750.092855,-4743.987413
890,power2,IHD,AllAge,1.973128236,0.040265543,0.341671224,7.866129088,-4777.486212,-4771.38077
891,power2,IHD,AllAge,1.175358624,0.07316183,0.456931223,7.29959841,-4779.538819,-4773.433377
892,power2,IHD,AllAge,1.297894256,0.050389268,0.444313851,8.254396532,-4750.279645,-4744.174203
893,power2,IHD,AllAge,1.632264713,0.038014271,0.390038053,7.315283529,-4733.867456,-4727.762014
894,power2,IHD,AllAge,1.791412614,0.035438375,0.361094784,8.076132114,-4760.196357,-4754.090915
895,power2,IHD,AllAge,1.352734077,0.061795778,0.37742991,6.127069149,-4757.234635,-4751.129193
896,power2,IHD,AllAge,1.25293612,0.065147186,0.407674104,8.058939699,-4763.819212,-4757.71377
897,power2,IHD,AllAge,1.154269781,0.024807163,0.798733309,7.857666208,-4749.263205,-4743.157763
898,power2,IHD,AllAge,1.711152121,0.060776438,0.3275597,6.733189098,-4730.019454,-4723.914011
899,power2,IHD,AllAge,2.1165024,0.036264388,0.334590819,8.751678094,-4758.234449,-4752.129006
900,power2,IHD,AllAge,1.319299484,0.066664832,0.365352432,8.145179151,-4739.610958,-4733.505516
901,power2,IHD,AllAge,1.369397743,0.080105099,0.344340897,7.496353894,-4736.214353,-4730.108911
902,power2,IHD,AllAge,1.370505867,0.092250337,0.318596512,6.955068381,-4722.777103,-4716.671661
903,power2,IHD,AllAge,1.293405853,0.037198142,0.670058837,7.10963963,-4735.748318,-4729.642876
904,power2,IHD,AllAge,1.396066149,0.031100914,0.451092995,7.501170652,-4757.372827,-4751.267385
905,power2,IHD,AllAge,5.226952604,0.028006086,0.234298874,6.502965262,-4737.537854,-4731.432412
906,power2,IHD,AllAge,1.643024784,0.044736513,0.360934683,8.397110248,-4724.913514,-4718.808072
907,power2,IHD,AllAge,1.212655553,0.021015432,0.949363114,6.790288402,-4719.834976,-4713.729534
908,power2,IHD,AllAge,1.401343568,0.061265351,0.386934873,8.126801993,-4750.621116,-4744.515674
909,power2,IHD,AllAge,2.266485374,0.0424091,0.297878152,8.249036227,-4781.159327,-4775.053885
910,power2,IHD,AllAge,1.366411518,0.063430315,0.394955066,7.291894987,-4759.154555,-4753.049113
911,power2,IHD,AllAge,1.445444733,0.051754325,0.394952366,8.428675291,-4777.981863,-4771.876421
912,power2,IHD,AllAge,1.55599129,0.054785709,0.352920919,5.858302364,-4726.417126,-4720.311684
913,power2,IHD,AllAge,1.488729002,0.055343966,0.356948765,8.445903628,-4729.703432,-4723.59799
914,power2,IHD,AllAge,1.456702431,0.04203638,0.39137935,8.636314797,-4777.375169,-4771.269727
915,power2,IHD,AllAge,1.489075486,0.0674361,0.347973856,6.148733613,-4758.456896,-4752.351454
916,power2,IHD,AllAge,1.282425669,0.030505231,0.701841448,8.797466371,-4723.501283,-4717.395841
917,power2,IHD,AllAge,1.750890411,0.043127675,0.356979432,6.771219104,-4740.624093,-4734.518651
918,power2,IHD,AllAge,1.277936125,0.08196214,0.401340963,7.143351872,-4733.505454,-4727.400012
919,power2,IHD,AllAge,1.612196345,0.03668014,0.382659581,8.224013966,-4769.160754,-4763.055312
920,power2,IHD,AllAge,1.974430645,0.057543641,0.292454057,6.461024053,-4771.285708,-4765.180266
921,power2,IHD,AllAge,1.548217817,0.048503809,0.362396554,7.575930292,-4724.008136,-4717.902694
922,power2,IHD,AllAge,2.218884834,0.039100252,0.32581169,7.875134276,-4695.67227,-4689.566828
923,power2,IHD,AllAge,2.053778148,0.055034229,0.288499471,6.788071724,-4724.052796,-4717.947354
924,power2,IHD,AllAge,1.246491016,0.073576589,0.385850683,7.416422755,-4739.394883,-4733.289441
925,power2,IHD,AllAge,1.946890397,0.036332996,0.358094506,8.347606312,-4759.71636,-4753.610918
926,power2,IHD,AllAge,2.055979949,0.060809129,0.28348191,6.611675512,-4720.248341,-4714.142899
927,power2,IHD,AllAge,2.599617314,0.035186428,0.294018166,8.768341402,-4732.444044,-4726.338601
928,power2,IHD,AllAge,2.202681475,0.043690784,0.302078869,6.787250101,-4707.632082,-4701.52664
929,power2,IHD,AllAge,2.809569604,0.037758894,0.273720657,7.742972379,-4745.520804,-4739.415362
930,power2,IHD,AllAge,2.07267594,0.061664142,0.289252631,6.772302027,-4732.558242,-4726.4528
931,power2,IHD,AllAge,1.495830466,0.047217944,0.372823383,8.782137897,-4754.459445,-4748.354003
932,power2,IHD,AllAge,1.411831621,0.063614115,0.370359968,8.746768178,-4783.177561,-4777.072119
933,power2,IHD,AllAge,5.246062157,0.02393475,0.246176581,7.52878497,-4704.529216,-4698.423774
934,power2,IHD,AllAge,1.474006369,0.0695405,0.331457879,5.93317091,-4764.064036,-4757.958594
935,power2,IHD,AllAge,1.364372853,0.065433918,0.363201325,8.01370144,-4766.707329,-4760.601887
936,power2,IHD,AllAge,1.474364218,0.060200248,0.382571204,8.535065486,-4761.871834,-4755.766392
937,power2,IHD,AllAge,1.194783084,0.071317049,0.435114966,8.329055375,-4793.544501,-4787.439059
938,power2,IHD,AllAge,1.280036384,0.077435723,0.370590895,7.218757889,-4713.946359,-4707.840917
939,power2,IHD,AllAge,1.28594318,0.060248245,0.402706227,7.827326691,-4784.274608,-4778.169166
940,power2,IHD,AllAge,1.327045462,0.049755119,0.405574381,7.736624686,-4797.943858,-4791.838416
941,power2,IHD,AllAge,1.593151358,0.046947702,0.375427121,8.434077373,-4776.489978,-4770.384536
942,power2,IHD,AllAge,1.470924831,0.057563228,0.372156895,8.173466472,-4775.388876,-4769.283434
943,power2,IHD,AllAge,2.13971744,0.027973058,0.358031754,7.712927085,-4760.382027,-4754.276585
944,power2,IHD,AllAge,1.388927353,0.050438863,0.387412977,8.750078319,-4771.72163,-4765.616187
945,power2,IHD,AllAge,1.128580793,0.030242843,0.875636993,6.998763777,-4778.687654,-4772.582212
946,power2,IHD,AllAge,1.252355677,0.043253844,0.467353282,8.43936236,-4782.151381,-4776.045939
947,power2,IHD,AllAge,1.329238422,0.0856133,0.345643458,8.154813989,-4722.294776,-4716.189334
948,power2,IHD,AllAge,1.362366707,0.05309669,0.402448773,8.168914338,-4794.995271,-4788.889829
949,power2,IHD,AllAge,1.856650039,0.036946812,0.356833412,7.42308554,-4783.65964,-4777.554198
950,power2,IHD,AllAge,1.511973322,0.051771054,0.398013621,7.413871873,-4777.636803,-4771.531361
951,power2,IHD,AllAge,2.321735314,0.044263792,0.286416031,8.032143643,-4768.147894,-4762.042452
952,power2,IHD,AllAge,1.410879596,0.0674962,0.357394746,7.667872648,-4736.080417,-4729.974975
953,power2,IHD,AllAge,1.356781678,0.074762176,0.367135401,7.753067051,-4720.883842,-4714.7784
954,power2,IHD,AllAge,1.204883462,0.013330319,1.153505052,5.952913444,-4744.424701,-4738.319259
955,power2,IHD,AllAge,1.52299314,0.057693192,0.362181711,6.229598037,-4745.9909,-4739.885458
956,power2,IHD,AllAge,2.754580221,0.0401749,0.290828701,8.505330526,-4738.273713,-4732.16827
957,power2,IHD,AllAge,1.18374908,0.02709317,0.95290596,8.57428498,-4761.706024,-4755.600582
958,power2,IHD,AllAge,1.314943137,0.046050661,0.514992702,7.253203447,-4739.741886,-4733.636444
959,power2,IHD,AllAge,1.199703941,0.044715101,0.606724563,6.268661283,-4733.674682,-4727.569239
960,power2,IHD,AllAge,1.357500251,0.054174188,0.404917007,7.655718109,-4784.958507,-4778.853064
961,power2,IHD,AllAge,1.874147708,0.057530157,0.31512549,7.230360716,-4746.963951,-4740.858509
962,power2,IHD,AllAge,1.149688722,0.032969629,0.821482319,8.553278184,-4753.942499,-4747.837057
963,power2,IHD,AllAge,1.455189177,0.055823216,0.373501404,6.533704608,-4715.041577,-4708.936135
964,power2,IHD,AllAge,1.295883299,0.047412176,0.6048092,8.346964152,-4747.663962,-4741.55852
965,power2,IHD,AllAge,1.280890731,0.032562797,0.765381699,8.783509768,-4719.349787,-4713.244345
966,power2,IHD,AllAge,1.216331472,0.054437826,0.448541618,6.338954833,-4751.196572,-4745.091129
967,power2,IHD,AllAge,1.330013625,0.015980882,0.965988535,5.906982615,-4764.665455,-4758.560013
968,power2,IHD,AllAge,1.98720725,0.043487068,0.327010763,6.816847448,-4749.215557,-4743.110115
969,power2,IHD,AllAge,1.852736089,0.069110397,0.297758936,7.208366581,-4745.942901,-4739.837459
970,power2,IHD,AllAge,1.17080879,0.050881701,0.540641854,7.918739303,-4764.559942,-4758.4545
971,power2,IHD,AllAge,1.604747123,0.075518485,0.309670084,6.001284698,-4736.147717,-4730.042274
972,power2,IHD,AllAge,2.111345962,0.059858804,0.278026802,6.717627752,-4730.914485,-4724.809043
973,power2,IHD,AllAge,1.640257824,0.040063518,0.383953358,8.339753996,-4716.812669,-4710.707227
974,power2,IHD,AllAge,1.572428501,0.044115655,0.387651916,8.174728432,-4720.158111,-4714.052669
975,power2,IHD,AllAge,2.163966708,0.037920855,0.318541382,7.356730417,-4794.225426,-4788.119984
976,power2,IHD,AllAge,1.37388449,0.089203037,0.311105534,7.202104346,-4759.364185,-4753.258743
977,power2,IHD,AllAge,1.208156006,0.049101342,0.567871282,8.126009608,-4750.977252,-4744.87181
978,power2,IHD,AllAge,1.962971967,0.057776038,0.302942383,7.148652318,-4781.414673,-4775.309231
979,power2,IHD,AllAge,1.148855058,0.053300552,0.654858511,5.885302287,-4803.484688,-4797.379246
980,power2,IHD,AllAge,1.963395769,0.041656842,0.33850224,7.204392584,-4754.742246,-4748.636804
981,power2,IHD,AllAge,2.968619719,0.038388232,0.283825573,5.975145204,-4735.631634,-4729.526192
982,power2,IHD,AllAge,1.840983107,0.049218827,0.314263286,8.366751615,-4750.611845,-4744.506403
983,power2,IHD,AllAge,1.168208826,0.048631173,0.549098041,8.332983876,-4767.096244,-4760.990801
984,power2,IHD,AllAge,1.632325586,0.069616505,0.330266503,5.937535771,-4707.880662,-4701.77522
985,power2,IHD,AllAge,1.834159268,0.063328637,0.287407755,8.065752111,-4725.325458,-4719.220016
986,power2,IHD,AllAge,1.838617792,0.042088771,0.344316427,7.699024782,-4751.943331,-4745.837889
987,power2,IHD,AllAge,1.527387894,0.047538339,0.375105095,7.402355918,-4727.53135,-4721.425908
988,power2,IHD,AllAge,1.584044508,0.037240747,0.381376669,7.850794709,-4783.73592,-4777.630478
989,power2,IHD,AllAge,1.21717896,0.021286211,0.986605258,8.229565641,-4757.004245,-4750.898803
990,power2,IHD,AllAge,1.559405517,0.084106655,0.314672547,7.434912002,-4817.186287,-4811.080845
991,power2,IHD,AllAge,1.48970235,0.081100414,0.331993376,8.467646784,-4703.815268,-4697.709826
992,power2,IHD,AllAge,1.459321536,0.055206603,0.356982949,7.657954293,-4730.849126,-4724.743683
993,power2,IHD,AllAge,1.610765411,0.048958523,0.333911712,7.705682466,-4741.697885,-4735.592443
994,power2,IHD,AllAge,1.27929989,0.047291946,0.57315886,7.55869233,-4734.314992,-4728.20955
995,power2,IHD,AllAge,3.093675331,0.036150901,0.278797041,6.921638056,-4732.903641,-4726.798198
996,power2,IHD,AllAge,1.771078628,0.058935391,0.300291576,6.010930687,-4817.16145,-4811.056008
997,power2,IHD,AllAge,1.263691412,0.059050764,0.41539466,8.374368674,-4824.379711,-4818.274269
998,power2,IHD,AllAge,3.396982446,0.023782803,0.313636267,8.308603588,-4784.847239,-4778.741797
999,power2,IHD,AllAge,1.292024511,0.090899591,0.385042583,6.472804534,-4679.939804,-4673.834361
1000,power2,IHD,AllAge,1.847699747,0.053886809,0.314906258,8.610469242,-4750.033914,-4743.928472
